ZDB-FISH-060608-1,Adult,Adult,GO:0007610,PATO:0000001,abnormal
ZDB-FISH-060608-1,Unknown,Unknown,GO:0009315,PATO:0000001,abnormal
ZDB-FISH-060608-10,Unknown,Unknown,GO:0007507,PATO:0000001,abnormal
ZDB-FISH-060608-10,Hatching:Long-pec,Hatching:Long-pec,ZDB-ANAT-011113-284,PATO:0000140,abnormal
ZDB-FISH-060608-100,Larval:Day 5,Larval:Day 5,ZDB-ANAT-010921-532,PATO:0000141,abnormal
ZDB-FISH-060608-100,Unknown,Unknown,GO:0007632,PATO:0000001,abnormal
ZDB-FISH-060608-101,Larval:Day 5,Larval:Day 5,ZDB-ANAT-011113-308,PATO:0000468,abnormal
ZDB-FISH-060608-101,Unknown,Unknown,GO:0042060,PATO:0000001,abnormal
ZDB-FISH-060608-102,Larval:Day 5,Larval:Day 5,ZDB-ANAT-010921-532,PATO:0000587,abnormal
ZDB-FISH-060608-102,Unknown,Unknown,GO:0007632,PATO:0000001,abnormal
ZDB-FISH-060608-103,Adult,Adult,ZDB-ANAT-020309-117,PATO:0000060,abnormal
ZDB-FISH-060608-104,Larval:Day 4,Larval:Day 4,ZDB-ANAT-060816-79,PATO:0001226,absent
ZDB-FISH-060608-104,Unknown,Unknown,GO:0006955,PATO:0000001,abnormal
ZDB-FISH-060608-105,Larval:Day 5,Larval:Day 5,ZDB-ANAT-011113-308,PATO:0000468,abnormal
ZDB-FISH-060608-105,Unknown,Unknown,GO:0042060,PATO:0000001,abnormal
ZDB-FISH-060608-106,Larval:Day 5,Larval:Day 5,ZDB-ANAT-010921-532,PATO:0000586,abnormal
ZDB-FISH-060608-106,Unknown,Unknown,GO:0007632,PATO:0000001,abnormal
ZDB-FISH-060608-107,Larval:Day 5,Larval:Day 5,ZDB-ANAT-011113-308,PATO:0000468,abnormal
ZDB-FISH-060608-107,Unknown,Unknown,GO:0042060,PATO:0000001,abnormal
ZDB-FISH-060608-108,Larval:Day 4,Larval:Day 4,ZDB-ANAT-060816-79,PATO:0000060,abnormal
ZDB-FISH-060608-108,Unknown,Unknown,GO:0006955,PATO:0000001,abnormal
ZDB-FISH-060608-109,Larval:Day 5,Larval:Day 5,ZDB-ANAT-010921-447,PATO:0000411,abnormal
ZDB-FISH-060608-109,Unknown,Unknown,GO:0007632,PATO:0000001,abnormal
ZDB-FISH-060608-11,Unknown,Unknown,GO:0007507,PATO:0000001,abnormal
ZDB-FISH-060608-11,Hatching:Long-pec,Hatching:Long-pec,ZDB-ANAT-011113-284,PATO:0000140,abnormal
ZDB-FISH-060608-110,Larval:Day 5,Larval:Day 5,ZDB-ANAT-011113-308,PATO:0000468,abnormal
ZDB-FISH-060608-110,Unknown,Unknown,GO:0042060,PATO:0000001,abnormal
ZDB-FISH-060608-111,Larval:Day 5,Larval:Day 5,ZDB-ANAT-010921-532,PATO:0000586,abnormal
ZDB-FISH-060608-111,Unknown,Unknown,GO:0007632,PATO:0000001,abnormal
ZDB-FISH-060608-112,Larval:Day 5,Larval:Day 5,ZDB-ANAT-010921-532,PATO:0000586,abnormal
ZDB-FISH-060608-112,Unknown,Unknown,GO:0007632,PATO:0000001,abnormal
ZDB-FISH-060608-113,Larval:Day 5,Larval:Day 5,ZDB-ANAT-011113-308,PATO:0000468,abnormal
ZDB-FISH-060608-113,Unknown,Unknown,GO:0042060,PATO:0000001,abnormal
ZDB-FISH-060608-114,Larval:Day 5,Larval:Day 5,ZDB-ANAT-020702-8,PATO:0000001,abnormal/absent
ZDB-FISH-060608-114,Unknown,Unknown,GO:0042060,PATO:0000001,abnormal
ZDB-FISH-060608-115,Larval:Day 5,Larval:Day 5,ZDB-ANAT-010921-447,PATO:0000141,abnormal
ZDB-FISH-060608-115,Unknown,Unknown,GO:0007632,PATO:0000001,abnormal
ZDB-FISH-060608-116,Adult,Adult,ZDB-ANAT-020702-16,PATO:0000592,abnormal
ZDB-FISH-060608-117,Larval:Day 5,Larval:Day 5,ZDB-ANAT-010921-447,PATO:0000141,abnormal
ZDB-FISH-060608-117,Unknown,Unknown,GO:0007632,PATO:0000001,abnormal
ZDB-FISH-060608-118,Larval:Day 5,Larval:Day 5,ZDB-ANAT-011113-308,PATO:0000468,abnormal
ZDB-FISH-060608-118,Unknown,Unknown,GO:0042060,PATO:0000001,abnormal
ZDB-FISH-060608-119,Hatching:Long-pec,Hatching:Pec-fin,ZDB-ANAT-010921-415,PATO:0000060,abnormal
ZDB-FISH-060608-12,Unknown,Unknown,GO:0007507,PATO:0000001,abnormal
ZDB-FISH-060608-12,Hatching:Long-pec,Hatching:Long-pec,ZDB-ANAT-011113-284,PATO:0000140,abnormal
ZDB-FISH-060608-120,Larval:Day 5,Larval:Day 5,ZDB-ANAT-050304-1,PATO:0000639,abnormal
ZDB-FISH-060608-120,Unknown,Unknown,GO:0042060,PATO:0000001,abnormal
ZDB-FISH-060608-121,Unknown,Unknown,GO:0007507,PATO:0000001,abnormal
ZDB-FISH-060608-121,Hatching:Long-pec,Hatching:Long-pec,ZDB-ANAT-011113-284,PATO:0000140,abnormal
ZDB-FISH-060608-122,Unknown,Unknown,GO:0016477,PATO:0000001,abnormal
ZDB-FISH-060608-122,Larval:Day 4,Larval:Day 4,ZDB-ANAT-010921-450,PATO:0000420,abnormal
ZDB-FISH-060608-123,Adult,Adult,ZDB-ANAT-020309-117,PATO:0000592,abnormal
ZDB-FISH-060608-124,Larval:Day 5,Larval:Day 5,ZDB-ANAT-060816-78,PATO:0000141,abnormal
ZDB-FISH-060608-125,Adult,Adult,ZDB-ANAT-011113-181,PATO:0000592,abnormal
ZDB-FISH-060608-126,Adult,Adult,ZDB-ANAT-020309-117,PATO:0000060,abnormal
ZDB-FISH-060608-127,Unknown,Unknown,GO:0007420,PATO:0000001,abnormal
ZDB-FISH-060608-127,Larval:Protruding-mouth,Larval:Protruding-mouth,ZDB-ANAT-010921-415,PATO:0000060,abnormal
ZDB-FISH-060608-128,Larval:Day 5,Larval:Day 5,ZDB-ANAT-010921-447,PATO:0000141,abnormal
ZDB-FISH-060608-128,Unknown,Unknown,GO:0007632,PATO:0000001,abnormal
ZDB-FISH-060608-129,Unknown,Unknown,GO:0016477,PATO:0000001,abnormal
ZDB-FISH-060608-129,Larval:Day 4,Larval:Day 4,ZDB-ANAT-010921-450,PATO:0000001,abnormal/absent
ZDB-FISH-060608-13,Unknown,Unknown,GO:0007507,PATO:0000001,abnormal
ZDB-FISH-060608-13,Hatching:Long-pec,Hatching:Long-pec,ZDB-ANAT-011113-284,PATO:0000140,abnormal
ZDB-FISH-060608-130,Unknown,Unknown,GO:0016477,PATO:0000001,abnormal
ZDB-FISH-060608-130,Larval:Day 4,Larval:Day 4,ZDB-ANAT-010921-450,PATO:0000419,abnormal
ZDB-FISH-060608-131,Adult,Adult,ZDB-ANAT-010921-533,PATO:0000052,abnormal
ZDB-FISH-060608-132,Larval:Protruding-mouth,Larval:Protruding-mouth,ZDB-ANAT-010921-415,PATO:0000616,abnormal
ZDB-FISH-060608-132,Unknown,Unknown,GO:0007420,PATO:0000001,abnormal
ZDB-FISH-060608-133,Unknown,Unknown,GO:0007507,PATO:0000001,abnormal
ZDB-FISH-060608-133,Hatching:Long-pec,Hatching:Long-pec,ZDB-ANAT-011113-284,PATO:0000140,abnormal
ZDB-FISH-060608-134,Unknown,Unknown,GO:0016477,PATO:0000001,abnormal
ZDB-FISH-060608-134,Larval:Day 4,Larval:Day 4,ZDB-ANAT-010921-450,PATO:0000071,normal
ZDB-FISH-060608-135,Adult,Adult,ZDB-ANAT-011113-400,PATO:0000646,abnormal
ZDB-FISH-060608-136,Adult,Adult,ZDB-ANAT-060816-32,PATO:0000600,abnormal
ZDB-FISH-060608-137,Unknown,Unknown,GO:0007507,PATO:0000001,abnormal
ZDB-FISH-060608-137,Hatching:Long-pec,Hatching:Long-pec,ZDB-ANAT-011113-284,PATO:0000140,abnormal
ZDB-FISH-060608-138,Unknown,Unknown,GO:0007507,PATO:0000001,abnormal
ZDB-FISH-060608-138,Hatching:Long-pec,Hatching:Long-pec,ZDB-ANAT-011113-284,PATO:0000140,abnormal
ZDB-FISH-060608-139,Unknown,Unknown,GO:0007507,PATO:0000001,abnormal
ZDB-FISH-060608-139,Hatching:Long-pec,Hatching:Long-pec,ZDB-ANAT-011113-284,PATO:0000140,abnormal
ZDB-FISH-060608-14,Unknown,Unknown,GO:0007507,PATO:0000001,abnormal
ZDB-FISH-060608-14,Hatching:Long-pec,Hatching:Long-pec,ZDB-ANAT-011113-284,PATO:0000140,abnormal
ZDB-FISH-060608-140,Adult,Adult,ZDB-ANAT-010921-533,PATO:0000639,abnormal
ZDB-FISH-060608-141,Adult,Adult,ZDB-ANAT-020702-16,PATO:0000141,abnormal
ZDB-FISH-060608-141,Unknown,Unknown,GO:0040007,PATO:0000001,abnormal
ZDB-FISH-060608-142,Larval:Day 5,Larval:Day 5,ZDB-ANAT-010921-530,PATO:0000647,abnormal
ZDB-FISH-060608-143,Larval:Day 5,Larval:Day 5,ZDB-ANAT-010921-530,PATO:0000141,abnormal
ZDB-FISH-060608-144,Larval:Day 5,Larval:Day 5,ZDB-ANAT-010921-530,PATO:0000141,abnormal
ZDB-FISH-060608-144,Unknown,Unknown,GO:0042060,PATO:0000001,abnormal
ZDB-FISH-060608-145,Pharyngula:High-pec,Pharyngula:High-pec,ZDB-ANAT-010921-530,PATO:0000141,abnormal
ZDB-FISH-060608-146,Adult,Adult,ZDB-ANAT-011113-207,PATO:0000646,abnormal
ZDB-FISH-060608-147,Larval:Day 5,Larval:Day 5,ZDB-ANAT-010921-532,PATO:0000639,abnormal
ZDB-FISH-060608-147,Unknown,Unknown,GO:0007632,PATO:0000001,abnormal
ZDB-FISH-060608-148,Unknown,Unknown,GO:0007507,PATO:0000001,abnormal
ZDB-FISH-060608-148,Pharyngula:Prim-5,Pharyngula:Prim-5,ZDB-ANAT-011113-284,PATO:0000052,abnormal
ZDB-FISH-060608-149,Unknown,Unknown,GO:0030070,PATO:0000001,abnormal
ZDB-FISH-060608-149,Hatching:Long-pec,Hatching:Long-pec,ZDB-ANAT-010921-570,PATO:0000613,abnormal
ZDB-FISH-060608-15,Unknown,Unknown,GO:0007507,PATO:0000001,abnormal
ZDB-FISH-060608-15,Hatching:Long-pec,Hatching:Long-pec,ZDB-ANAT-011113-284,PATO:0000140,abnormal
ZDB-FISH-060608-150,Adult,Adult,ZDB-ANAT-020309-117,PATO:0000060,abnormal
ZDB-FISH-060608-151,Adult,Adult,ZDB-ANAT-020309-117,PATO:0000060,abnormal
ZDB-FISH-060608-152,Adult,Adult,ZDB-ANAT-020309-117,PATO:0000052,abnormal
ZDB-FISH-060608-153,Adult,Adult,ZDB-ANAT-020309-117,PATO:0000052,abnormal
ZDB-FISH-060608-154,Adult,Adult,ZDB-ANAT-020309-117,PATO:0000587,abnormal
ZDB-FISH-060608-155,Adult,Adult,ZDB-ANAT-020309-117,PATO:0000052,abnormal
ZDB-FISH-060608-156,Adult,Adult,ZDB-ANAT-020309-117,PATO:0000060,abnormal
ZDB-FISH-060608-157,Adult,Adult,ZDB-ANAT-020309-117,PATO:0000060,abnormal
ZDB-FISH-060608-158,Adult,Adult,ZDB-ANAT-020309-117,PATO:0000052,abnormal
ZDB-FISH-060608-159,Adult,Adult,ZDB-ANAT-020309-117,PATO:0000060,abnormal
ZDB-FISH-060608-16,Unknown,Unknown,GO:0007507,PATO:0000001,abnormal
ZDB-FISH-060608-16,Hatching:Long-pec,Hatching:Long-pec,ZDB-ANAT-011113-284,PATO:0000140,abnormal
ZDB-FISH-060608-160,Adult,Adult,ZDB-ANAT-020309-117,PATO:0000060,abnormal
ZDB-FISH-060608-161,Adult,Adult,ZDB-ANAT-050228-1,PATO:0000617,abnormal
ZDB-FISH-060608-162,Unknown,Unknown,GO:0016477,PATO:0000001,abnormal
ZDB-FISH-060608-162,Larval:Day 4,Larval:Day 4,ZDB-ANAT-010921-450,PATO:0000420,abnormal
ZDB-FISH-060608-163,Larval:Day 5,Larval:Day 5,ZDB-ANAT-011113-154,PATO:0000406,abnormal
ZDB-FISH-060608-164,Larval:Day 5,Larval:Day 5,ZDB-ANAT-010921-474,PATO:0000337,abnormal
ZDB-FISH-060608-165,Pharyngula:High-pec,Pharyngula:High-pec,ZDB-ANAT-010921-533,PATO:0000587,abnormal
ZDB-FISH-060608-166,Unknown,Unknown,GO:0042692,PATO:0000001,abnormal
ZDB-FISH-060608-166,Larval:Protruding-mouth,Larval:Protruding-mouth,ZDB-ANAT-060816-31,PATO:0000419,abnormal
ZDB-FISH-060608-167,Unknown,Unknown,GO:0042692,PATO:0000001,abnormal
ZDB-FISH-060608-167,Larval:Protruding-mouth,Larval:Protruding-mouth,ZDB-ANAT-060816-31,PATO:0000330,abnormal
ZDB-FISH-060608-168,Unknown,Unknown,GO:0042692,PATO:0000001,abnormal
ZDB-FISH-060608-168,Larval:Protruding-mouth,Larval:Protruding-mouth,ZDB-ANAT-060816-31,PATO:0000419,abnormal
ZDB-FISH-060608-169,Unknown,Unknown,GO:0042692,PATO:0000001,abnormal
ZDB-FISH-060608-169,Larval:Protruding-mouth,Larval:Protruding-mouth,ZDB-ANAT-060816-31,PATO:0000419,abnormal
ZDB-FISH-060608-17,Unknown,Unknown,GO:0007507,PATO:0000001,abnormal
ZDB-FISH-060608-17,Hatching:Long-pec,Hatching:Long-pec,ZDB-ANAT-011113-284,PATO:0000140,abnormal
ZDB-FISH-060608-170,Larval:Day 5,Larval:Day 5,ZDB-ANAT-010921-532,PATO:0000141,abnormal
ZDB-FISH-060608-170,Unknown,Unknown,GO:0007632,PATO:0000001,abnormal
ZDB-FISH-060608-171,Unknown,Unknown,GO:0048143,PATO:0000001,abnormal
ZDB-FISH-060608-171,Larval:Day 4,Larval:Day 4,ZDB-ANAT-010921-415,PATO:0000060,abnormal
ZDB-FISH-060608-172,Unknown,Unknown,GO:0016477,PATO:0000001,abnormal
ZDB-FISH-060608-172,Larval:Day 4,Larval:Day 4,ZDB-ANAT-010921-450,PATO:0000420,abnormal
ZDB-FISH-060608-173,Pharyngula:High-pec,Pharyngula:High-pec,ZDB-ANAT-010921-530,PATO:0000141,abnormal
ZDB-FISH-060608-174,Unknown,Unknown,GO:0016477,PATO:0000001,abnormal
ZDB-FISH-060608-174,Larval:Day 4,Larval:Day 4,ZDB-ANAT-010921-450,PATO:0000330,abnormal
ZDB-FISH-060608-175,Unknown,Unknown,GO:0016477,PATO:0000001,abnormal
ZDB-FISH-060608-175,Larval:Day 4,Larval:Day 4,ZDB-ANAT-010921-450,PATO:0000420,abnormal
ZDB-FISH-060608-176,Unknown,Unknown,GO:0007507,PATO:0000001,abnormal
ZDB-FISH-060608-176,Pharyngula:Prim-5,Pharyngula:Prim-5,ZDB-ANAT-011113-284,PATO:0000052,abnormal
ZDB-FISH-060608-177,Larval:Protruding-mouth,Larval:Protruding-mouth,ZDB-ANAT-010921-415,PATO:0000060,abnormal
ZDB-FISH-060608-177,Unknown,Unknown,GO:0007420,PATO:0000001,abnormal
ZDB-FISH-060608-178,Unknown,Unknown,GO:0007507,PATO:0000001,abnormal
ZDB-FISH-060608-178,Pharyngula:Prim-5,Pharyngula:Prim-5,ZDB-ANAT-011113-284,PATO:0000052,abnormal
ZDB-FISH-060608-179,Adult,Adult,ZDB-ANAT-010921-533,PATO:0000586,abnormal
ZDB-FISH-060608-18,Unknown,Unknown,GO:0007507,PATO:0000001,abnormal
ZDB-FISH-060608-18,Hatching:Long-pec,Hatching:Long-pec,ZDB-ANAT-011113-284,PATO:0000140,abnormal
ZDB-FISH-060608-180,Unknown,Unknown,GO:0042417,PATO:0000001,abnormal
ZDB-FISH-060608-180,Larval:Protruding-mouth,Larval:Protruding-mouth,ZDB-ANAT-060816-77,PATO:0001226,absent
ZDB-FISH-060608-181,Unknown,Unknown,GO:0042417,PATO:0000001,abnormal
ZDB-FISH-060608-181,Larval:Protruding-mouth,Larval:Protruding-mouth,ZDB-ANAT-060816-77,PATO:0000419,abnormal
ZDB-FISH-060608-182,Larval:Protruding-mouth,Larval:Protruding-mouth,ZDB-ANAT-010921-524,PATO:0000060,abnormal
ZDB-FISH-060608-182,Unknown,Unknown,GO:0042417,PATO:0000001,abnormal
ZDB-FISH-060608-183,Larval:Protruding-mouth,Larval:Protruding-mouth,ZDB-ANAT-010921-524,PATO:0000060,abnormal
ZDB-FISH-060608-183,Unknown,Unknown,GO:0042417,PATO:0000001,abnormal
ZDB-FISH-060608-184,Larval:Protruding-mouth,Larval:Protruding-mouth,ZDB-ANAT-010921-524,PATO:0000060,abnormal
ZDB-FISH-060608-184,Unknown,Unknown,GO:0042417,PATO:0000001,abnormal
ZDB-FISH-060608-185,Unknown,Unknown,GO:0042417,PATO:0000001,abnormal
ZDB-FISH-060608-185,Larval:Protruding-mouth,Larval:Protruding-mouth,ZDB-ANAT-060816-77,PATO:0000419,abnormal
ZDB-FISH-060608-186,Unknown,Unknown,GO:0042417,PATO:0000001,abnormal
ZDB-FISH-060608-186,Larval:Protruding-mouth,Larval:Protruding-mouth,ZDB-ANAT-060816-77,PATO:0000419,abnormal
ZDB-FISH-060608-187,Unknown,Unknown,GO:0042417,PATO:0000001,abnormal
ZDB-FISH-060608-187,Larval:Protruding-mouth,Larval:Protruding-mouth,ZDB-ANAT-060816-77,PATO:0000419,abnormal
ZDB-FISH-060608-188,Adult,Adult,ZDB-ANAT-010921-533,PATO:0000412,abnormal
ZDB-FISH-060608-189,Larval:Day 5,Larval:Day 5,ZDB-ANAT-010921-530,PATO:0000141,abnormal
ZDB-FISH-060608-189,Unknown,Unknown,GO:0042060,PATO:0000001,abnormal
ZDB-FISH-060608-19,Unknown,Unknown,GO:0007507,PATO:0000001,abnormal
ZDB-FISH-060608-19,Hatching:Long-pec,Hatching:Long-pec,ZDB-ANAT-011113-284,PATO:0000140,abnormal
ZDB-FISH-060608-190,Pharyngula:High-pec,Pharyngula:High-pec,ZDB-ANAT-010921-530,PATO:0000141,abnormal
ZDB-FISH-060608-191,Adult,Adult,ZDB-ANAT-011113-207,PATO:0000060,abnormal
ZDB-FISH-060608-192,Unknown,Unknown,GO:0007420,PATO:0000001,abnormal
ZDB-FISH-060608-192,Larval:Protruding-mouth,Larval:Protruding-mouth,ZDB-ANAT-010921-415,PATO:0000060,abnormal
ZDB-FISH-060608-193,Unknown,Unknown,GO:0030070,PATO:0000001,abnormal
ZDB-FISH-060608-193,Hatching:Long-pec,Hatching:Long-pec,ZDB-ANAT-010921-570,PATO:0000060,abnormal
ZDB-FISH-060608-194,Unknown,Unknown,GO:0030070,PATO:0000001,abnormal
ZDB-FISH-060608-194,Hatching:Long-pec,Hatching:Long-pec,ZDB-ANAT-010921-570,PATO:0000060,abnormal
ZDB-FISH-060608-195,Unknown,Unknown,GO:0016477,PATO:0000001,abnormal
ZDB-FISH-060608-195,Larval:Day 4,Larval:Day 4,ZDB-ANAT-010921-450,PATO:0000419,abnormal
ZDB-FISH-060608-196,Unknown,Unknown,GO:0016477,PATO:0000001,abnormal
ZDB-FISH-060608-196,Larval:Day 4,Larval:Day 4,ZDB-ANAT-010921-450,PATO:0000420,abnormal
ZDB-FISH-060608-197,Unknown,Unknown,GO:0016477,PATO:0000001,abnormal
ZDB-FISH-060608-197,Larval:Day 4,Larval:Day 4,ZDB-ANAT-010921-450,PATO:0000419,abnormal
ZDB-FISH-060608-198,Unknown,Unknown,GO:0016477,PATO:0000001,abnormal
ZDB-FISH-060608-198,Larval:Day 4,Larval:Day 4,ZDB-ANAT-010921-450,PATO:0000419,abnormal
ZDB-FISH-060608-199,Unknown,Unknown,GO:0016477,PATO:0000001,abnormal
ZDB-FISH-060608-199,Larval:Day 4,Larval:Day 4,ZDB-ANAT-010921-450,PATO:0001226,abnormal/absent
ZDB-FISH-060608-2,Adult,Adult,GO:0007610,PATO:0000001,abnormal
ZDB-FISH-060608-2,Unknown,Unknown,GO:0009315,PATO:0000001,abnormal
ZDB-FISH-060608-20,Unknown,Unknown,GO:0007507,PATO:0000001,abnormal
ZDB-FISH-060608-20,Hatching:Long-pec,Hatching:Long-pec,ZDB-ANAT-011113-284,PATO:0000140,abnormal
ZDB-FISH-060608-200,Unknown,Unknown,GO:0016477,PATO:0000001,abnormal
ZDB-FISH-060608-200,Larval:Day 4,Larval:Day 4,ZDB-ANAT-010921-450,PATO:0000420,abnormal
ZDB-FISH-060608-201,Unknown,Unknown,GO:0016477,PATO:0000001,abnormal
ZDB-FISH-060608-201,Larval:Day 4,Larval:Day 4,ZDB-ANAT-010921-450,PATO:0000071,normal
ZDB-FISH-060608-202,Unknown,Unknown,GO:0016477,PATO:0000001,abnormal
ZDB-FISH-060608-202,Larval:Day 4,Larval:Day 4,ZDB-ANAT-010921-450,PATO:0000419,abnormal
ZDB-FISH-060608-203,Unknown,Unknown,GO:0016477,PATO:0000001,abnormal
ZDB-FISH-060608-203,Larval:Day 4,Larval:Day 4,ZDB-ANAT-010921-450,PATO:0000419,abnormal
ZDB-FISH-060608-204,Unknown,Unknown,GO:0030070,PATO:0000001,abnormal
ZDB-FISH-060608-204,Hatching:Long-pec,Hatching:Long-pec,ZDB-ANAT-010921-570,PATO:0000060,abnormal
ZDB-FISH-060608-205,Unknown,Unknown,GO:0007507,PATO:0000001,abnormal
ZDB-FISH-060608-205,Pharyngula:Prim-5,Pharyngula:Prim-5,ZDB-ANAT-011113-284,PATO:0000052,abnormal
ZDB-FISH-060608-206,Unknown,Unknown,GO:0007507,PATO:0000001,abnormal
ZDB-FISH-060608-206,Pharyngula:Prim-5,Pharyngula:Prim-5,ZDB-ANAT-011113-284,PATO:0000052,abnormal
ZDB-FISH-060608-207,Unknown,Unknown,GO:0007507,PATO:0000001,abnormal
ZDB-FISH-060608-207,Pharyngula:Prim-5,Pharyngula:Prim-5,ZDB-ANAT-011113-284,PATO:0000052,abnormal
ZDB-FISH-060608-208,Unknown,Unknown,GO:0007507,PATO:0000001,abnormal
ZDB-FISH-060608-208,Pharyngula:Prim-5,Pharyngula:Prim-5,ZDB-ANAT-011113-284,PATO:0000052,abnormal
ZDB-FISH-060608-209,Unknown,Unknown,GO:0007507,PATO:0000001,abnormal
ZDB-FISH-060608-209,Pharyngula:Prim-5,Pharyngula:Prim-5,ZDB-ANAT-011113-284,PATO:0000052,abnormal
ZDB-FISH-060608-21,Unknown,Unknown,GO:0007507,PATO:0000001,abnormal
ZDB-FISH-060608-21,Hatching:Long-pec,Hatching:Long-pec,ZDB-ANAT-011113-284,PATO:0000140,abnormal
ZDB-FISH-060608-210,Unknown,Unknown,GO:0007507,PATO:0000001,abnormal
ZDB-FISH-060608-210,Hatching:Long-pec,Hatching:Long-pec,ZDB-ANAT-011113-284,PATO:0000140,abnormal
ZDB-FISH-060608-211,Unknown,Unknown,GO:0030070,PATO:0000001,abnormal
ZDB-FISH-060608-211,Hatching:Long-pec,Hatching:Long-pec,ZDB-ANAT-010921-570,PATO:0000586,abnormal
ZDB-FISH-060608-212,Hatching:Long-pec,Hatching:Pec-fin,ZDB-ANAT-010921-498,PATO:0000586,abnormal
ZDB-FISH-060608-213,Larval:Day 5,Larval:Day 5,ZDB-ANAT-010921-530,PATO:0000141,abnormal
ZDB-FISH-060608-214,Larval:Day 5,Larval:Day 5,ZDB-ANAT-010921-530,PATO:0000141,abnormal
ZDB-FISH-060608-215,Adult,Adult,ZDB-ANAT-020309-117,PATO:0000117,abnormal
ZDB-FISH-060608-216,Unknown,Unknown,GO:0007632,PATO:0000001,abnormal
ZDB-FISH-060608-216,Adult,Adult,GO:0007632,PATO:0000001,abnormal/absent
ZDB-FISH-060608-217,Adult,Adult,ZDB-ANAT-011113-526,PATO:0000650,abnormal
ZDB-FISH-060608-218,Unknown,Unknown,GO:0016477,PATO:0000001,abnormal
ZDB-FISH-060608-218,Larval:Day 4,Larval:Day 4,ZDB-ANAT-010921-450,PATO:0000419,abnormal
ZDB-FISH-060608-219,Unknown,Unknown,GO:0016477,PATO:0000001,abnormal
ZDB-FISH-060608-219,Larval:Day 4,Larval:Day 4,ZDB-ANAT-010921-450,PATO:0000419,abnormal
ZDB-FISH-060608-22,Unknown,Unknown,GO:0007507,PATO:0000001,abnormal
ZDB-FISH-060608-22,Hatching:Long-pec,Hatching:Long-pec,ZDB-ANAT-011113-284,PATO:0000140,abnormal
ZDB-FISH-060608-220,Unknown,Unknown,GO:0016477,PATO:0000001,abnormal
ZDB-FISH-060608-220,Larval:Day 4,Larval:Day 4,ZDB-ANAT-010921-450,PATO:0000419,abnormal
ZDB-FISH-060608-221,Unknown,Unknown,GO:0016477,PATO:0000001,abnormal
ZDB-FISH-060608-221,Larval:Day 4,Larval:Day 4,ZDB-ANAT-010921-450,PATO:0000419,abnormal
ZDB-FISH-060608-222,Unknown,Unknown,GO:0016477,PATO:0000001,abnormal
ZDB-FISH-060608-222,Larval:Day 4,Larval:Day 4,ZDB-ANAT-010921-450,PATO:0000419,abnormal
ZDB-FISH-060608-223,Unknown,Unknown,GO:0016477,PATO:0000001,abnormal
ZDB-FISH-060608-223,Larval:Day 4,Larval:Day 4,ZDB-ANAT-010921-450,PATO:0000419,abnormal
ZDB-FISH-060608-224,Unknown,Unknown,GO:0016477,PATO:0000001,abnormal
ZDB-FISH-060608-224,Larval:Day 4,Larval:Day 4,ZDB-ANAT-010921-450,PATO:0000419,abnormal
ZDB-FISH-060608-225,Unknown,Unknown,GO:0016477,PATO:0000001,abnormal
ZDB-FISH-060608-225,Larval:Day 4,Larval:Day 4,ZDB-ANAT-010921-450,PATO:0000419,abnormal
ZDB-FISH-060608-226,Unknown,Unknown,GO:0016477,PATO:0000001,abnormal
ZDB-FISH-060608-226,Larval:Day 4,Larval:Day 4,ZDB-ANAT-010921-450,PATO:0000419,abnormal
ZDB-FISH-060608-227,Unknown,Unknown,GO:0016477,PATO:0000001,abnormal
ZDB-FISH-060608-227,Larval:Day 4,Larval:Day 4,ZDB-ANAT-010921-450,PATO:0000419,abnormal
ZDB-FISH-060608-228,Unknown,Unknown,GO:0016477,PATO:0000001,abnormal
ZDB-FISH-060608-228,Larval:Day 4,Larval:Day 4,ZDB-ANAT-010921-450,PATO:0000419,abnormal
ZDB-FISH-060608-229,Unknown,Unknown,GO:0016477,PATO:0000001,abnormal
ZDB-FISH-060608-229,Larval:Day 4,Larval:Day 4,ZDB-ANAT-010921-450,PATO:0000419,abnormal
ZDB-FISH-060608-23,Unknown,Unknown,GO:0007507,PATO:0000001,abnormal
ZDB-FISH-060608-23,Hatching:Long-pec,Hatching:Long-pec,ZDB-ANAT-011113-284,PATO:0000140,abnormal
ZDB-FISH-060608-230,Unknown,Unknown,GO:0016477,PATO:0000001,abnormal
ZDB-FISH-060608-230,Larval:Day 4,Larval:Day 4,ZDB-ANAT-010921-450,PATO:0000419,abnormal
ZDB-FISH-060608-231,Unknown,Unknown,GO:0016477,PATO:0000001,abnormal
ZDB-FISH-060608-231,Larval:Day 4,Larval:Day 4,ZDB-ANAT-010921-450,PATO:0000419,abnormal
ZDB-FISH-060608-232,Unknown,Unknown,GO:0016477,PATO:0000001,abnormal
ZDB-FISH-060608-232,Larval:Day 4,Larval:Day 4,ZDB-ANAT-010921-450,PATO:0000419,abnormal
ZDB-FISH-060608-233,Unknown,Unknown,GO:0016477,PATO:0000001,abnormal
ZDB-FISH-060608-233,Larval:Day 4,Larval:Day 4,ZDB-ANAT-010921-450,PATO:0000419,abnormal
ZDB-FISH-060608-234,Unknown,Unknown,GO:0016477,PATO:0000001,abnormal
ZDB-FISH-060608-234,Larval:Day 4,Larval:Day 4,ZDB-ANAT-010921-450,PATO:0000419,abnormal
ZDB-FISH-060608-235,Unknown,Unknown,GO:0016477,PATO:0000001,abnormal
ZDB-FISH-060608-235,Larval:Day 4,Larval:Day 4,ZDB-ANAT-010921-450,PATO:0000419,abnormal
ZDB-FISH-060608-236,Unknown,Unknown,GO:0016477,PATO:0000001,abnormal
ZDB-FISH-060608-236,Larval:Day 4,Larval:Day 4,ZDB-ANAT-010921-450,PATO:0000419,abnormal
ZDB-FISH-060608-237,Unknown,Unknown,GO:0016477,PATO:0000001,abnormal
ZDB-FISH-060608-237,Larval:Day 4,Larval:Day 4,ZDB-ANAT-010921-450,PATO:0000419,abnormal
ZDB-FISH-060608-238,Unknown,Unknown,GO:0016477,PATO:0000001,abnormal
ZDB-FISH-060608-238,Larval:Day 4,Larval:Day 4,ZDB-ANAT-010921-450,PATO:0000419,abnormal
ZDB-FISH-060608-239,Unknown,Unknown,GO:0016477,PATO:0000001,abnormal
ZDB-FISH-060608-239,Larval:Day 4,Larval:Day 4,ZDB-ANAT-010921-450,PATO:0000419,abnormal
ZDB-FISH-060608-24,Unknown,Unknown,GO:0007507,PATO:0000001,abnormal
ZDB-FISH-060608-24,Hatching:Long-pec,Hatching:Long-pec,ZDB-ANAT-011113-284,PATO:0000140,abnormal
ZDB-FISH-060608-240,Unknown,Unknown,GO:0016477,PATO:0000001,abnormal
ZDB-FISH-060608-240,Larval:Day 4,Larval:Day 4,ZDB-ANAT-010921-450,PATO:0000419,abnormal
ZDB-FISH-060608-241,Unknown,Unknown,GO:0016477,PATO:0000001,abnormal
ZDB-FISH-060608-241,Larval:Day 4,Larval:Day 4,ZDB-ANAT-010921-450,PATO:0000419,abnormal
ZDB-FISH-060608-242,Unknown,Unknown,GO:0016477,PATO:0000001,abnormal
ZDB-FISH-060608-242,Larval:Day 4,Larval:Day 4,ZDB-ANAT-010921-450,PATO:0000419,abnormal
ZDB-FISH-060608-243,Unknown,Unknown,GO:0016477,PATO:0000001,abnormal
ZDB-FISH-060608-243,Larval:Day 4,Larval:Day 4,ZDB-ANAT-010921-450,PATO:0000419,abnormal
ZDB-FISH-060608-244,Unknown,Unknown,GO:0042692,PATO:0000001,abnormal
ZDB-FISH-060608-244,Larval:Protruding-mouth,Larval:Protruding-mouth,ZDB-ANAT-011113-484,PATO:0000468,abnormal
ZDB-FISH-060608-245,Adult,Adult,ZDB-ANAT-011113-79,PATO:0000646,abnormal
ZDB-FISH-060608-246,Adult,Adult,ZDB-ANAT-010921-533,PATO:0000639,abnormal
ZDB-FISH-060608-247,Adult,Adult,ZDB-ANAT-010921-533,PATO:0000639,abnormal
ZDB-FISH-060608-248,Larval:Day 5,Larval:Day 5,ZDB-ANAT-020702-16,PATO:0000647,abnormal
ZDB-FISH-060608-249,Larval:Day 5,Larval:Day 5,ZDB-ANAT-050304-1,PATO:0000591,abnormal
ZDB-FISH-060608-25,Unknown,Unknown,GO:0007507,PATO:0000001,abnormal
ZDB-FISH-060608-25,Hatching:Long-pec,Hatching:Long-pec,ZDB-ANAT-011113-284,PATO:0000140,abnormal
ZDB-FISH-060608-250,Larval:Day 5,Larval:Day 5,ZDB-ANAT-020702-16,PATO:0000647,abnormal
ZDB-FISH-060608-251,Adult,Adult,ZDB-ANAT-010921-533,PATO:0000587,abnormal
ZDB-FISH-060608-252,Adult,Adult,ZDB-ANAT-050304-1,PATO:0000587,abnormal
ZDB-FISH-060608-253,Adult,Adult,ZDB-ANAT-010921-533,PATO:0000587,abnormal
ZDB-FISH-060608-254,Adult,Adult,ZDB-ANAT-010921-533,PATO:0000587,abnormal
ZDB-FISH-060608-255,Adult,Adult,ZDB-ANAT-010921-533,PATO:0000052,abnormal
ZDB-FISH-060608-256,Adult,Adult,ZDB-ANAT-010921-533,PATO:0000052,abnormal
ZDB-FISH-060608-257,Adult,Adult,ZDB-ANAT-050228-36,PATO:0000052,abnormal
ZDB-FISH-060608-258,Adult,Adult,ZDB-ANAT-010921-533,PATO:0000052,abnormal
ZDB-FISH-060608-259,Larval:Day 4,Larval:Day 4,ZDB-ANAT-011113-175,PATO:0000420,abnormal
ZDB-FISH-060608-259,Unknown,Unknown,GO:0030334,PATO:0000001,abnormal
ZDB-FISH-060608-26,Unknown,Unknown,GO:0007507,PATO:0000001,abnormal
ZDB-FISH-060608-26,Hatching:Long-pec,Hatching:Long-pec,ZDB-ANAT-011113-284,PATO:0000140,abnormal
ZDB-FISH-060608-260,Larval:Day 4,Larval:Day 4,ZDB-ANAT-011113-175,PATO:0000420,abnormal
ZDB-FISH-060608-260,Unknown,Unknown,GO:0030334,PATO:0000001,abnormal
ZDB-FISH-060608-261,Adult,Adult,ZDB-ANAT-020702-16,PATO:0000141,abnormal
ZDB-FISH-060608-261,Unknown,Unknown,GO:0040007,PATO:0000001,abnormal
ZDB-FISH-060608-262,Adult,Adult,ZDB-ANAT-020702-16,PATO:0000060,abnormal
ZDB-FISH-060608-262,Unknown,Unknown,GO:0040007,PATO:0000001,abnormal
ZDB-FISH-060608-263,Adult,Adult,ZDB-ANAT-020702-16,PATO:0000060,abnormal
ZDB-FISH-060608-263,Unknown,Unknown,GO:0040007,PATO:0000001,abnormal
ZDB-FISH-060608-264,Adult,Adult,ZDB-ANAT-020702-16,PATO:0000141,abnormal
ZDB-FISH-060608-264,Unknown,Unknown,GO:0040007,PATO:0000001,abnormal
ZDB-FISH-060608-265,Adult,Adult,ZDB-ANAT-020702-16,PATO:0000141,abnormal
ZDB-FISH-060608-265,Unknown,Unknown,GO:0040007,PATO:0000001,abnormal
ZDB-FISH-060608-266,Adult,Adult,ZDB-ANAT-010921-533,PATO:0000052,abnormal
ZDB-FISH-060608-266,Unknown,Unknown,GO:0040007,PATO:0000001,abnormal
ZDB-FISH-060608-267,Adult,Adult,ZDB-ANAT-020702-16,PATO:0000141,abnormal
ZDB-FISH-060608-267,Unknown,Unknown,GO:0040007,PATO:0000001,abnormal
ZDB-FISH-060608-268,Adult,Adult,ZDB-ANAT-020702-16,PATO:0000141,abnormal
ZDB-FISH-060608-268,Unknown,Unknown,GO:0040007,PATO:0000001,abnormal
ZDB-FISH-060608-269,Adult,Adult,ZDB-ANAT-020702-16,PATO:0000141,abnormal
ZDB-FISH-060608-269,Unknown,Unknown,GO:0040007,PATO:0000001,abnormal
ZDB-FISH-060608-27,Unknown,Unknown,GO:0007507,PATO:0000001,abnormal
ZDB-FISH-060608-27,Hatching:Long-pec,Hatching:Long-pec,ZDB-ANAT-011113-284,PATO:0000140,abnormal
ZDB-FISH-060608-270,Adult,Adult,ZDB-ANAT-020702-16,PATO:0000052,abnormal
ZDB-FISH-060608-270,Unknown,Unknown,GO:0040007,PATO:0000001,abnormal
ZDB-FISH-060608-271,Adult,Adult,ZDB-ANAT-020702-16,PATO:0000060,abnormal
ZDB-FISH-060608-271,Unknown,Unknown,GO:0040007,PATO:0000001,abnormal
ZDB-FISH-060608-272,Adult,Adult,ZDB-ANAT-020702-16,PATO:0000141,abnormal
ZDB-FISH-060608-272,Unknown,Unknown,GO:0040007,PATO:0000001,abnormal
ZDB-FISH-060608-273,Adult,Adult,ZDB-ANAT-020702-16,PATO:0000646,abnormal
ZDB-FISH-060608-273,Unknown,Unknown,GO:0040007,PATO:0000001,abnormal
ZDB-FISH-060608-274,Adult,Adult,ZDB-ANAT-020702-16,PATO:0000060,abnormal
ZDB-FISH-060608-274,Unknown,Unknown,GO:0040007,PATO:0000001,abnormal
ZDB-FISH-060608-275,Larval:Day 5,Larval:Day 5,ZDB-ANAT-010921-537,PATO:0000407,abnormal
ZDB-FISH-060608-275,Unknown,Unknown,GO:0007507,PATO:0000001,abnormal
ZDB-FISH-060608-276,Larval:Day 5,Larval:Day 5,ZDB-ANAT-010921-537,PATO:0000407,abnormal
ZDB-FISH-060608-276,Unknown,Unknown,GO:0007507,PATO:0000001,abnormal
ZDB-FISH-060608-277,Larval:Day 5,Larval:Day 5,ZDB-ANAT-010921-537,PATO:0000407,abnormal
ZDB-FISH-060608-277,Unknown,Unknown,GO:0007507,PATO:0000001,abnormal
ZDB-FISH-060608-278,Larval:Day 5,Larval:Day 5,ZDB-ANAT-050228-28,PATO:0000060,abnormal
ZDB-FISH-060608-278,Unknown,Unknown,GO:0042752,PATO:0000001,abnormal
ZDB-FISH-060608-279,Larval:Day 5,Larval:Day 5,ZDB-ANAT-010921-537,PATO:0000407,abnormal
ZDB-FISH-060608-279,Unknown,Unknown,GO:0007507,PATO:0000001,abnormal
ZDB-FISH-060608-28,Unknown,Unknown,GO:0007507,PATO:0000001,abnormal
ZDB-FISH-060608-28,Hatching:Long-pec,Hatching:Long-pec,ZDB-ANAT-011113-284,PATO:0000140,abnormal
ZDB-FISH-060608-280,Larval:Day 5,Larval:Day 5,ZDB-ANAT-010921-537,PATO:0000407,abnormal
ZDB-FISH-060608-280,Unknown,Unknown,GO:0007507,PATO:0000001,abnormal
ZDB-FISH-060608-281,Adult,Adult,ZDB-ANAT-011113-207,PATO:0000419,abnormal
ZDB-FISH-060608-282,Unknown,Unknown,GO:0042692,PATO:0000001,abnormal
ZDB-FISH-060608-282,Larval:Protruding-mouth,Larval:Protruding-mouth,ZDB-ANAT-060816-31,PATO:0000060,abnormal
ZDB-FISH-060608-283,Adult,Adult,ZDB-ANAT-020309-117,PATO:0000117,abnormal
ZDB-FISH-060608-284,Adult,Adult,ZDB-ANAT-011113-400,PATO:0000642,abnormal
ZDB-FISH-060608-285,Adult,Adult,ZDB-ANAT-011113-400,PATO:0000642,abnormal
ZDB-FISH-060608-286,Unknown,Unknown,GO:0042692,PATO:0000001,abnormal
ZDB-FISH-060608-286,Larval:Protruding-mouth,Larval:Protruding-mouth,ZDB-ANAT-011113-469,PATO:0000642,abnormal
ZDB-FISH-060608-287,Pharyngula:High-pec,Pharyngula:High-pec,ZDB-ANAT-010921-530,PATO:0000141,abnormal
ZDB-FISH-060608-288,Larval:Day 5,Larval:Day 5,ZDB-ANAT-010921-537,PATO:0000141,abnormal
ZDB-FISH-060608-288,Unknown,Unknown,GO:0007507,PATO:0000001,abnormal
ZDB-FISH-060608-289,Larval:Day 5,Larval:Day 5,ZDB-ANAT-010921-537,PATO:0000141,abnormal
ZDB-FISH-060608-289,Unknown,Unknown,GO:0007507,PATO:0000001,abnormal
ZDB-FISH-060608-29,Unknown,Unknown,GO:0007507,PATO:0000001,abnormal
ZDB-FISH-060608-29,Hatching:Long-pec,Hatching:Long-pec,ZDB-ANAT-011113-284,PATO:0000140,abnormal
ZDB-FISH-060608-290,Unknown,Unknown,GO:0007507,PATO:0000001,abnormal
ZDB-FISH-060608-290,Pharyngula:Prim-5,Pharyngula:Prim-5,ZDB-ANAT-011113-284,PATO:0000052,abnormal
ZDB-FISH-060608-291,Adult,Adult,ZDB-ANAT-050228-28,PATO:0000574,abnormal
ZDB-FISH-060608-292,Unknown,Unknown,GO:0042692,PATO:0000001,abnormal
ZDB-FISH-060608-292,Larval:Protruding-mouth,Larval:Protruding-mouth,ZDB-ANAT-011113-469,PATO:0000141,abnormal/absent
ZDB-FISH-060608-293,Unknown,Unknown,GO:0042692,PATO:0000001,abnormal
ZDB-FISH-060608-293,Larval:Protruding-mouth,Larval:Protruding-mouth,ZDB-ANAT-011113-469,PATO:0000141,abnormal/absent
ZDB-FISH-060608-294,Unknown,Unknown,GO:0042692,PATO:0000001,abnormal
ZDB-FISH-060608-294,Larval:Protruding-mouth,Larval:Protruding-mouth,ZDB-ANAT-011113-469,PATO:0000141,abnormal/absent
ZDB-FISH-060608-295,Unknown,Unknown,GO:0042692,PATO:0000001,abnormal
ZDB-FISH-060608-295,Larval:Protruding-mouth,Larval:Protruding-mouth,ZDB-ANAT-011113-469,PATO:0000468,abnormal
ZDB-FISH-060608-296,Unknown,Unknown,GO:0042692,PATO:0000001,abnormal
ZDB-FISH-060608-296,Larval:Protruding-mouth,Larval:Protruding-mouth,ZDB-ANAT-011113-469,PATO:0000141,abnormal/absent
ZDB-FISH-060608-297,Unknown,Unknown,GO:0042692,PATO:0000001,abnormal
ZDB-FISH-060608-297,Larval:Protruding-mouth,Larval:Protruding-mouth,ZDB-ANAT-011113-469,PATO:0000468,abnormal
ZDB-FISH-060608-298,Unknown,Unknown,GO:0042692,PATO:0000001,abnormal
ZDB-FISH-060608-298,Larval:Protruding-mouth,Larval:Protruding-mouth,ZDB-ANAT-011113-469,PATO:0000141,abnormal
ZDB-FISH-060608-299,Unknown,Unknown,GO:0042692,PATO:0000001,abnormal
ZDB-FISH-060608-299,Larval:Protruding-mouth,Larval:Protruding-mouth,ZDB-ANAT-011113-469,PATO:0000141,abnormal
ZDB-FISH-060608-3,Adult,Adult,GO:0007610,PATO:0000001,abnormal
ZDB-FISH-060608-3,Unknown,Unknown,GO:0009315,PATO:0000001,abnormal
ZDB-FISH-060608-30,Unknown,Unknown,GO:0007507,PATO:0000001,abnormal
ZDB-FISH-060608-30,Hatching:Long-pec,Hatching:Long-pec,ZDB-ANAT-011113-284,PATO:0000140,abnormal
ZDB-FISH-060608-300,Larval:Day 5,Larval:Day 5,ZDB-ANAT-060816-78,PATO:0000411,abnormal
ZDB-FISH-060608-301,Adult,Adult,ZDB-ANAT-050228-1,PATO:0000617,abnormal
ZDB-FISH-060608-302,Larval:Day 4,Larval:Day 4,ZDB-ANAT-011113-175,PATO:0000420,abnormal
ZDB-FISH-060608-302,Unknown,Unknown,GO:0030334,PATO:0000001,abnormal
ZDB-FISH-060608-303,Larval:Day 4,Larval:Day 4,ZDB-ANAT-011113-175,PATO:0000420,abnormal
ZDB-FISH-060608-303,Unknown,Unknown,GO:0030334,PATO:0000001,abnormal
ZDB-FISH-060608-304,Unknown,Unknown,GO:0007507,PATO:0000001,abnormal
ZDB-FISH-060608-304,Pharyngula:Prim-5,Pharyngula:Prim-5,ZDB-ANAT-011113-284,PATO:0000584,abnormal
ZDB-FISH-060608-305,Pharyngula:Prim-5,Pharyngula:Prim-5,ZDB-ANAT-010921-537,PATO:0000141,abnormal
ZDB-FISH-060608-305,Unknown,Unknown,GO:0007507,PATO:0000001,abnormal
ZDB-FISH-060608-306,Unknown,Unknown,GO:0042692,PATO:0000001,abnormal
ZDB-FISH-060608-306,Larval:Protruding-mouth,Larval:Protruding-mouth,ZDB-ANAT-011113-469,PATO:0000141,abnormal/absent
ZDB-FISH-060608-307,Unknown,Unknown,GO:0042692,PATO:0000001,abnormal
ZDB-FISH-060608-307,Larval:Protruding-mouth,Larval:Protruding-mouth,ZDB-ANAT-011113-469,PATO:0000468,abnormal
ZDB-FISH-060608-308,Unknown,Unknown,GO:0030070,PATO:0000001,abnormal
ZDB-FISH-060608-308,Hatching:Long-pec,Hatching:Long-pec,ZDB-ANAT-010921-570,PATO:0000060,abnormal
ZDB-FISH-060608-309,Unknown,Unknown,GO:0042417,PATO:0000001,abnormal
ZDB-FISH-060608-309,Larval:Protruding-mouth,Larval:Protruding-mouth,ZDB-ANAT-060816-77,PATO:0000420,abnormal
ZDB-FISH-060608-31,Unknown,Unknown,GO:0016477,PATO:0000001,abnormal
ZDB-FISH-060608-31,Larval:Day 4,Larval:Day 4,ZDB-ANAT-010921-450,PATO:0000647,abnormal
ZDB-FISH-060608-310,Hatching:Long-pec,Hatching:Pec-fin,GO:0043676,PATO:0000586,abnormal
ZDB-FISH-060608-311,Unknown,Unknown,GO:0030070,PATO:0000001,abnormal
ZDB-FISH-060608-311,Hatching:Long-pec,Hatching:Long-pec,ZDB-ANAT-010921-570,PATO:0000060,abnormal
ZDB-FISH-060608-312,Larval:Day 5,Larval:Day 5,ZDB-ANAT-010921-537,PATO:0000141,abnormal
ZDB-FISH-060608-312,Unknown,Unknown,GO:0007507,PATO:0000001,abnormal
ZDB-FISH-060608-313,Adult,Adult,ZDB-ANAT-040708-1,PATO:0000014,abnormal
ZDB-FISH-060608-314,Unknown,Unknown,GO:0030070,PATO:0000001,abnormal
ZDB-FISH-060608-314,Hatching:Long-pec,Hatching:Long-pec,ZDB-ANAT-010921-570,PATO:0000141,abnormal
ZDB-FISH-060608-315,Unknown,Unknown,GO:0007420,PATO:0000001,abnormal
ZDB-FISH-060608-315,Larval:Protruding-mouth,Larval:Protruding-mouth,ZDB-ANAT-010921-415,PATO:0000060,abnormal
ZDB-FISH-060608-316,Unknown,Unknown,GO:0007420,PATO:0000001,abnormal
ZDB-FISH-060608-316,Larval:Protruding-mouth,Larval:Protruding-mouth,ZDB-ANAT-010921-415,PATO:0000060,abnormal
ZDB-FISH-060608-317,Adult,Adult,ZDB-ANAT-050711-81,PATO:0000586,abnormal
ZDB-FISH-060608-318,Adult,Adult,ZDB-ANAT-050711-81,PATO:0000586,abnormal
ZDB-FISH-060608-319,Unknown,Unknown,GO:0016477,PATO:0000001,abnormal
ZDB-FISH-060608-319,Larval:Day 4,Larval:Day 4,ZDB-ANAT-010921-450,PATO:0000419,abnormal
ZDB-FISH-060608-32,Adult,Adult,ZDB-ANAT-020702-16,PATO:0000060,abnormal
ZDB-FISH-060608-32,Unknown,Unknown,GO:0040007,PATO:0000001,abnormal
ZDB-FISH-060608-320,Larval:Day 4,Larval:Day 4,ZDB-ANAT-011113-175,PATO:0000071,normal
ZDB-FISH-060608-320,Unknown,Unknown,GO:0030334,PATO:0000001,abnormal
ZDB-FISH-060608-321,Larval:Day 5,Larval:Day 5,ZDB-ANAT-050228-28,PATO:0000060,abnormal
ZDB-FISH-060608-321,Unknown,Unknown,GO:0042752,PATO:0000001,abnormal
ZDB-FISH-060608-322,Larval:Day 5,Larval:Day 5,ZDB-ANAT-050228-28,PATO:0000060,abnormal
ZDB-FISH-060608-322,Unknown,Unknown,GO:0042752,PATO:0000001,abnormal
ZDB-FISH-060608-323,Larval:Day 5,Larval:Day 5,ZDB-ANAT-050228-28,PATO:0000060,abnormal
ZDB-FISH-060608-323,Unknown,Unknown,GO:0042752,PATO:0000001,abnormal
ZDB-FISH-060608-324,Larval:Day 5,Larval:Day 5,ZDB-ANAT-050228-28,PATO:0000060,abnormal
ZDB-FISH-060608-324,Unknown,Unknown,GO:0042752,PATO:0000001,abnormal
ZDB-FISH-060608-325,Larval:Day 5,Larval:Day 5,ZDB-ANAT-050228-28,PATO:0000060,abnormal
ZDB-FISH-060608-325,Unknown,Unknown,GO:0042752,PATO:0000001,abnormal
ZDB-FISH-060608-326,Larval:Day 5,Larval:Day 5,ZDB-ANAT-050228-28,PATO:0000060,abnormal
ZDB-FISH-060608-326,Unknown,Unknown,GO:0042752,PATO:0000001,abnormal
ZDB-FISH-060608-327,Larval:Day 5,Larval:Day 5,ZDB-ANAT-050228-28,PATO:0000060,abnormal
ZDB-FISH-060608-327,Unknown,Unknown,GO:0042752,PATO:0000001,abnormal
ZDB-FISH-060608-328,Larval:Day 5,Larval:Day 5,ZDB-ANAT-050228-28,PATO:0000060,abnormal
ZDB-FISH-060608-328,Unknown,Unknown,GO:0042752,PATO:0000001,abnormal
ZDB-FISH-060608-329,Larval:Day 5,Larval:Day 5,ZDB-ANAT-050228-28,PATO:0000060,abnormal
ZDB-FISH-060608-329,Unknown,Unknown,GO:0042752,PATO:0000001,abnormal
ZDB-FISH-060608-33,Adult,Adult,ZDB-ANAT-020702-16,PATO:0000060,abnormal
ZDB-FISH-060608-33,Unknown,Unknown,GO:0040007,PATO:0000001,abnormal
ZDB-FISH-060608-330,Larval:Day 5,Larval:Day 5,ZDB-ANAT-050228-28,PATO:0000060,abnormal
ZDB-FISH-060608-330,Unknown,Unknown,GO:0042752,PATO:0000001,abnormal
ZDB-FISH-060608-331,Larval:Day 5,Larval:Day 5,ZDB-ANAT-050228-28,PATO:0000060,abnormal
ZDB-FISH-060608-331,Unknown,Unknown,GO:0042752,PATO:0000001,abnormal
ZDB-FISH-060608-332,Larval:Day 5,Larval:Day 5,ZDB-ANAT-050228-28,PATO:0000060,abnormal
ZDB-FISH-060608-332,Unknown,Unknown,GO:0042752,PATO:0000001,abnormal
ZDB-FISH-060608-333,Larval:Day 5,Larval:Day 5,ZDB-ANAT-050228-28,PATO:0000060,abnormal
ZDB-FISH-060608-333,Unknown,Unknown,GO:0042752,PATO:0000001,abnormal
ZDB-FISH-060608-334,Larval:Day 5,Larval:Day 5,ZDB-ANAT-050228-28,PATO:0000060,abnormal
ZDB-FISH-060608-334,Unknown,Unknown,GO:0042752,PATO:0000001,abnormal
ZDB-FISH-060608-335,Larval:Day 5,Larval:Day 5,ZDB-ANAT-050228-28,PATO:0000060,abnormal
ZDB-FISH-060608-335,Unknown,Unknown,GO:0042752,PATO:0000001,abnormal
ZDB-FISH-060608-336,Larval:Day 5,Larval:Day 5,ZDB-ANAT-050228-28,PATO:0000060,abnormal
ZDB-FISH-060608-336,Unknown,Unknown,GO:0042752,PATO:0000001,abnormal
ZDB-FISH-060608-337,Larval:Day 5,Larval:Day 5,ZDB-ANAT-050228-28,PATO:0000060,abnormal
ZDB-FISH-060608-337,Unknown,Unknown,GO:0042752,PATO:0000001,abnormal
ZDB-FISH-060608-338,Larval:Day 5,Larval:Day 5,ZDB-ANAT-010921-537,PATO:0000141,abnormal
ZDB-FISH-060608-338,Unknown,Unknown,GO:0007507,PATO:0000001,abnormal
ZDB-FISH-060608-339,Larval:Day 5,Larval:Day 5,ZDB-ANAT-010921-537,PATO:0000141,abnormal
ZDB-FISH-060608-339,Unknown,Unknown,GO:0007507,PATO:0000001,abnormal
ZDB-FISH-060608-34,Adult,Adult,ZDB-ANAT-020702-16,PATO:0000060,abnormal
ZDB-FISH-060608-34,Unknown,Unknown,GO:0040007,PATO:0000001,abnormal
ZDB-FISH-060608-340,Larval:Day 5,Larval:Day 5,ZDB-ANAT-050228-28,PATO:0000060,abnormal
ZDB-FISH-060608-340,Unknown,Unknown,GO:0042752,PATO:0000001,abnormal
ZDB-FISH-060608-341,Larval:Day 5,Larval:Day 5,ZDB-ANAT-050228-28,PATO:0000060,abnormal
ZDB-FISH-060608-341,Unknown,Unknown,GO:0042752,PATO:0000001,abnormal
ZDB-FISH-060608-342,Larval:Day 5,Larval:Day 5,ZDB-ANAT-050228-28,PATO:0000060,abnormal
ZDB-FISH-060608-342,Unknown,Unknown,GO:0042752,PATO:0000001,abnormal
ZDB-FISH-060608-343,Larval:Day 5,Larval:Day 5,ZDB-ANAT-050228-28,PATO:0000060,abnormal
ZDB-FISH-060608-343,Unknown,Unknown,GO:0042752,PATO:0000001,abnormal
ZDB-FISH-060608-344,Larval:Day 5,Larval:Day 5,ZDB-ANAT-050228-28,PATO:0000060,abnormal
ZDB-FISH-060608-344,Unknown,Unknown,GO:0042752,PATO:0000001,abnormal
ZDB-FISH-060608-345,Larval:Day 5,Larval:Day 5,ZDB-ANAT-050228-28,PATO:0000060,abnormal
ZDB-FISH-060608-345,Unknown,Unknown,GO:0042752,PATO:0000001,abnormal
ZDB-FISH-060608-346,Larval:Day 5,Larval:Day 5,ZDB-ANAT-050228-28,PATO:0000060,abnormal
ZDB-FISH-060608-346,Unknown,Unknown,GO:0042752,PATO:0000001,abnormal
ZDB-FISH-060608-347,Larval:Day 5,Larval:Day 5,ZDB-ANAT-050228-28,PATO:0000060,abnormal
ZDB-FISH-060608-347,Unknown,Unknown,GO:0042752,PATO:0000001,abnormal
ZDB-FISH-060608-348,Larval:Day 5,Larval:Day 5,ZDB-ANAT-050228-28,PATO:0000060,abnormal
ZDB-FISH-060608-348,Unknown,Unknown,GO:0042752,PATO:0000001,abnormal
ZDB-FISH-060608-349,Larval:Day 5,Larval:Day 5,ZDB-ANAT-050228-28,PATO:0000060,abnormal
ZDB-FISH-060608-349,Unknown,Unknown,GO:0042752,PATO:0000001,abnormal
ZDB-FISH-060608-35,Adult,Adult,ZDB-ANAT-020702-16,PATO:0000060,abnormal
ZDB-FISH-060608-35,Unknown,Unknown,GO:0040007,PATO:0000001,abnormal
ZDB-FISH-060608-350,Larval:Day 5,Larval:Day 5,ZDB-ANAT-050228-28,PATO:0000060,abnormal
ZDB-FISH-060608-350,Unknown,Unknown,GO:0042752,PATO:0000001,abnormal
ZDB-FISH-060608-351,Larval:Day 5,Larval:Day 5,ZDB-ANAT-050228-28,PATO:0000060,abnormal
ZDB-FISH-060608-351,Unknown,Unknown,GO:0042752,PATO:0000001,abnormal
ZDB-FISH-060608-352,Larval:Day 5,Larval:Day 5,ZDB-ANAT-050228-28,PATO:0000060,abnormal
ZDB-FISH-060608-352,Unknown,Unknown,GO:0042752,PATO:0000001,abnormal
ZDB-FISH-060608-353,Larval:Day 5,Larval:Day 5,ZDB-ANAT-050228-28,PATO:0000060,abnormal
ZDB-FISH-060608-353,Unknown,Unknown,GO:0042752,PATO:0000001,abnormal
ZDB-FISH-060608-354,Larval:Day 5,Larval:Day 5,ZDB-ANAT-050228-28,PATO:0000060,abnormal
ZDB-FISH-060608-354,Unknown,Unknown,GO:0042752,PATO:0000001,abnormal
ZDB-FISH-060608-355,Larval:Day 5,Larval:Day 5,ZDB-ANAT-050228-28,PATO:0000060,abnormal
ZDB-FISH-060608-355,Unknown,Unknown,GO:0042752,PATO:0000001,abnormal
ZDB-FISH-060608-356,Larval:Day 5,Larval:Day 5,ZDB-ANAT-050228-28,PATO:0000060,abnormal
ZDB-FISH-060608-356,Unknown,Unknown,GO:0042752,PATO:0000001,abnormal
ZDB-FISH-060608-357,Larval:Day 5,Larval:Day 5,ZDB-ANAT-050228-28,PATO:0000060,abnormal
ZDB-FISH-060608-357,Unknown,Unknown,GO:0042752,PATO:0000001,abnormal
ZDB-FISH-060608-358,Larval:Day 5,Larval:Day 5,ZDB-ANAT-050228-28,PATO:0000060,abnormal
ZDB-FISH-060608-358,Unknown,Unknown,GO:0042752,PATO:0000001,abnormal
ZDB-FISH-060608-359,Larval:Day 5,Larval:Day 5,ZDB-ANAT-050228-28,PATO:0000060,abnormal
ZDB-FISH-060608-359,Unknown,Unknown,GO:0042752,PATO:0000001,abnormal
ZDB-FISH-060608-36,Adult,Adult,ZDB-ANAT-020702-16,PATO:0000586,abnormal
ZDB-FISH-060608-36,Unknown,Unknown,GO:0040007,PATO:0000001,abnormal
ZDB-FISH-060608-360,Larval:Day 5,Larval:Day 5,ZDB-ANAT-050228-28,PATO:0000060,abnormal
ZDB-FISH-060608-360,Unknown,Unknown,GO:0042752,PATO:0000001,abnormal
ZDB-FISH-060608-361,Larval:Day 5,Larval:Day 5,ZDB-ANAT-050228-28,PATO:0000060,abnormal
ZDB-FISH-060608-361,Unknown,Unknown,GO:0042752,PATO:0000001,abnormal
ZDB-FISH-060608-362,Adult,Adult,ZDB-ANAT-050420-2,PATO:0000587,abnormal
ZDB-FISH-060608-363,Hatching:Long-pec,Hatching:Pec-fin,ZDB-ANAT-010921-415,PATO:0000060,abnormal
ZDB-FISH-060608-364,Unknown,Unknown,GO:0007420,PATO:0000001,abnormal
ZDB-FISH-060608-364,Larval:Protruding-mouth,Larval:Protruding-mouth,ZDB-ANAT-010921-415,PATO:0000060,abnormal
ZDB-FISH-060608-365,Unknown,Unknown,GO:0007420,PATO:0000001,abnormal
ZDB-FISH-060608-365,Larval:Protruding-mouth,Larval:Protruding-mouth,ZDB-ANAT-010921-415,PATO:0000060,abnormal
ZDB-FISH-060608-366,Unknown,Unknown,GO:0007420,PATO:0000001,abnormal
ZDB-FISH-060608-366,Larval:Protruding-mouth,Larval:Protruding-mouth,ZDB-ANAT-010921-415,PATO:0000060,abnormal
ZDB-FISH-060608-367,Unknown,Unknown,GO:0007420,PATO:0000001,abnormal
ZDB-FISH-060608-367,Larval:Protruding-mouth,Larval:Protruding-mouth,ZDB-ANAT-010921-415,PATO:0000060,abnormal
ZDB-FISH-060608-368,Unknown,Unknown,GO:0007420,PATO:0000001,abnormal
ZDB-FISH-060608-368,Larval:Protruding-mouth,Larval:Protruding-mouth,ZDB-ANAT-010921-415,PATO:0000060,abnormal
ZDB-FISH-060608-369,Unknown,Unknown,GO:0007420,PATO:0000001,abnormal
ZDB-FISH-060608-369,Larval:Protruding-mouth,Larval:Protruding-mouth,ZDB-ANAT-010921-415,PATO:0000060,abnormal
ZDB-FISH-060608-37,Adult,Adult,ZDB-ANAT-020702-16,PATO:0000060,abnormal
ZDB-FISH-060608-37,Unknown,Unknown,GO:0040007,PATO:0000001,abnormal
ZDB-FISH-060608-370,Unknown,Unknown,GO:0007420,PATO:0000001,abnormal
ZDB-FISH-060608-370,Larval:Protruding-mouth,Larval:Protruding-mouth,ZDB-ANAT-010921-415,PATO:0000060,abnormal
ZDB-FISH-060608-371,Unknown,Unknown,GO:0007420,PATO:0000001,abnormal
ZDB-FISH-060608-371,Larval:Protruding-mouth,Larval:Protruding-mouth,ZDB-ANAT-010921-415,PATO:0000060,abnormal
ZDB-FISH-060608-372,Adult,Adult,ZDB-ANAT-050711-81,PATO:0000586,abnormal
ZDB-FISH-060608-373,Adult,Adult,ZDB-ANAT-050711-81,PATO:0000586,abnormal
ZDB-FISH-060608-374,Adult,Adult,ZDB-ANAT-050711-81,PATO:0000586,abnormal
ZDB-FISH-060608-375,Adult,Adult,ZDB-ANAT-050711-81,PATO:0000586,abnormal
ZDB-FISH-060608-376,Adult,Adult,ZDB-ANAT-050711-81,PATO:0000586,abnormal
ZDB-FISH-060608-377,Adult,Adult,ZDB-ANAT-011113-526,PATO:0000001,abnormal/absent
ZDB-FISH-060608-378,Adult,Adult,ZDB-ANAT-011113-328,PATO:0000650,abnormal
ZDB-FISH-060608-379,Adult,Adult,ZDB-ANAT-060816-1,PATO:0000587,abnormal
ZDB-FISH-060608-38,Adult,Adult,GO:0040007,PATO:0000001,abnormal
ZDB-FISH-060608-380,Unknown,Unknown,GO:0016477,PATO:0000001,abnormal
ZDB-FISH-060608-380,Larval:Day 4,Larval:Day 4,ZDB-ANAT-010921-450,PATO:0000420,abnormal
ZDB-FISH-060608-381,Unknown,Unknown,GO:0016477,PATO:0000001,abnormal
ZDB-FISH-060608-381,Larval:Day 4,Larval:Day 4,ZDB-ANAT-010921-450,PATO:0000420,abnormal
ZDB-FISH-060608-382,Unknown,Unknown,GO:0016477,PATO:0000001,abnormal
ZDB-FISH-060608-382,Larval:Day 4,Larval:Day 4,ZDB-ANAT-010921-450,PATO:0000420,abnormal
ZDB-FISH-060608-383,Larval:Day 4,Larval:Day 4,ZDB-ANAT-060816-79,PATO:0000060,abnormal
ZDB-FISH-060608-383,Unknown,Unknown,GO:0006955,PATO:0000001,abnormal
ZDB-FISH-060608-384,Larval:Day 4,Larval:Day 4,ZDB-ANAT-060816-79,PATO:0000420,abnormal
ZDB-FISH-060608-384,Unknown,Unknown,GO:0006955,PATO:0000001,abnormal
ZDB-FISH-060608-385,Unknown,Unknown,GO:0016477,PATO:0000001,abnormal
ZDB-FISH-060608-385,Larval:Day 4,Larval:Day 4,ZDB-ANAT-010921-450,PATO:0000420,abnormal
ZDB-FISH-060608-386,Unknown,Unknown,GO:0016477,PATO:0000001,abnormal
ZDB-FISH-060608-386,Larval:Day 4,Larval:Day 4,ZDB-ANAT-010921-450,PATO:0000419,abnormal
ZDB-FISH-060608-387,Adult,Adult,ZDB-ANAT-040708-2,PATO:0000140,abnormal
ZDB-FISH-060608-388,Adult,Adult,ZDB-ANAT-060816-32,PATO:0000599,abnormal
ZDB-FISH-060608-389,Hatching:Long-pec,Hatching:Pec-fin,ZDB-ANAT-010921-415,PATO:0000060,abnormal
ZDB-FISH-060608-39,Larval:Day 5,Larval:Day 5,ZDB-ANAT-010921-530,PATO:0000141,abnormal
ZDB-FISH-060608-390,Hatching:Long-pec,Hatching:Pec-fin,ZDB-ANAT-010921-415,PATO:0000060,abnormal
ZDB-FISH-060608-391,Hatching:Long-pec,Hatching:Pec-fin,ZDB-ANAT-010921-415,PATO:0000060,abnormal
ZDB-FISH-060608-392,Larval:Day 5,Larval:Day 5,ZDB-ANAT-050228-28,PATO:0000060,abnormal
ZDB-FISH-060608-392,Unknown,Unknown,GO:0042752,PATO:0000001,abnormal
ZDB-FISH-060608-393,Larval:Day 5,Larval:Day 5,ZDB-ANAT-050228-28,PATO:0000060,abnormal
ZDB-FISH-060608-393,Unknown,Unknown,GO:0042752,PATO:0000001,abnormal
ZDB-FISH-060608-394,Larval:Day 5,Larval:Day 5,ZDB-ANAT-050228-28,PATO:0000060,abnormal
ZDB-FISH-060608-394,Unknown,Unknown,GO:0042752,PATO:0000001,abnormal
ZDB-FISH-060608-395,Unknown,Unknown,GO:0016477,PATO:0000001,abnormal
ZDB-FISH-060608-395,Larval:Day 4,Larval:Day 4,ZDB-ANAT-010921-450,PATO:0000419,abnormal
ZDB-FISH-060608-396,Adult,Adult,ZDB-ANAT-050711-81,PATO:0000587,abnormal
ZDB-FISH-060608-397,Larval:Day 5,Larval:Day 5,ZDB-ANAT-010921-530,PATO:0000141,abnormal
ZDB-FISH-060608-398,Larval:Day 5,Larval:Day 5,ZDB-ANAT-060816-78,PATO:0000419,abnormal
ZDB-FISH-060608-398,Unknown,Unknown,GO:0042060,PATO:0000001,abnormal
ZDB-FISH-060608-399,Adult,Adult,ZDB-ANAT-020702-16,PATO:0000141,abnormal
ZDB-FISH-060608-399,Unknown,Unknown,GO:0040007,PATO:0000001,abnormal
ZDB-FISH-060608-4,Adult,Adult,GO:0007610,PATO:0000001,abnormal
ZDB-FISH-060608-4,Unknown,Unknown,GO:0009315,PATO:0000001,abnormal
ZDB-FISH-060608-40,Hatching:Long-pec,Hatching:Pec-fin,ZDB-ANAT-010921-415,PATO:0000060,abnormal
ZDB-FISH-060608-400,Adult,Adult,ZDB-ANAT-010921-530,PATO:0000141,abnormal
ZDB-FISH-060608-401,Adult,Adult,ZDB-ANAT-010921-533,PATO:0000001,abnormal/absent
ZDB-FISH-060608-402,Unknown,Unknown,GO:0016477,PATO:0000001,abnormal
ZDB-FISH-060608-402,Larval:Day 4,Larval:Day 4,ZDB-ANAT-010921-450,PATO:0000420,abnormal
ZDB-FISH-060608-403,Unknown,Unknown,GO:0016477,PATO:0000001,abnormal
ZDB-FISH-060608-403,Larval:Day 4,Larval:Day 4,ZDB-ANAT-010921-450,PATO:0000420,abnormal
ZDB-FISH-060608-404,Unknown,Unknown,GO:0016477,PATO:0000001,abnormal
ZDB-FISH-060608-404,Larval:Day 4,Larval:Day 4,ZDB-ANAT-010921-450,PATO:0000420,abnormal
ZDB-FISH-060608-405,Unknown,Unknown,GO:0016477,PATO:0000001,abnormal
ZDB-FISH-060608-405,Larval:Day 4,Larval:Day 4,ZDB-ANAT-010921-450,PATO:0000420,abnormal
ZDB-FISH-060608-406,Unknown,Unknown,GO:0016477,PATO:0000001,abnormal
ZDB-FISH-060608-406,Larval:Day 4,Larval:Day 4,ZDB-ANAT-010921-450,PATO:0000420,abnormal
ZDB-FISH-060608-407,Unknown,Unknown,GO:0016477,PATO:0000001,abnormal
ZDB-FISH-060608-407,Larval:Day 4,Larval:Day 4,ZDB-ANAT-010921-450,PATO:0000420,abnormal
ZDB-FISH-060608-408,Unknown,Unknown,GO:0016477,PATO:0000001,abnormal
ZDB-FISH-060608-408,Larval:Day 4,Larval:Day 4,ZDB-ANAT-010921-450,PATO:0000420,abnormal
ZDB-FISH-060608-409,Unknown,Unknown,GO:0016477,PATO:0000001,abnormal
ZDB-FISH-060608-409,Larval:Day 4,Larval:Day 4,ZDB-ANAT-010921-450,PATO:0000420,abnormal
ZDB-FISH-060608-41,Unknown,Unknown,GO:0007507,PATO:0000001,abnormal
ZDB-FISH-060608-41,Hatching:Long-pec,Hatching:Long-pec,ZDB-ANAT-011113-284,PATO:0000140,abnormal
ZDB-FISH-060608-410,Unknown,Unknown,GO:0016477,PATO:0000001,abnormal
ZDB-FISH-060608-410,Larval:Day 4,Larval:Day 4,ZDB-ANAT-010921-450,PATO:0000420,abnormal
ZDB-FISH-060608-411,Unknown,Unknown,GO:0016477,PATO:0000001,abnormal
ZDB-FISH-060608-411,Larval:Day 4,Larval:Day 4,ZDB-ANAT-010921-450,PATO:0000420,abnormal
ZDB-FISH-060608-412,Unknown,Unknown,GO:0016477,PATO:0000001,abnormal
ZDB-FISH-060608-412,Larval:Day 4,Larval:Day 4,ZDB-ANAT-010921-450,PATO:0000420,abnormal
ZDB-FISH-060608-413,Unknown,Unknown,GO:0042692,PATO:0000001,abnormal
ZDB-FISH-060608-413,Larval:Protruding-mouth,Larval:Protruding-mouth,ZDB-ANAT-060816-31,PATO:0000060,abnormal
ZDB-FISH-060608-414,Unknown,Unknown,GO:0042692,PATO:0000001,abnormal
ZDB-FISH-060608-414,Larval:Protruding-mouth,Larval:Protruding-mouth,ZDB-ANAT-060816-31,PATO:0001226,absent
ZDB-FISH-060608-415,Unknown,Unknown,GO:0042692,PATO:0000001,abnormal
ZDB-FISH-060608-415,Larval:Protruding-mouth,Larval:Protruding-mouth,ZDB-ANAT-011113-469,PATO:0000642,abnormal
ZDB-FISH-060608-416,Unknown,Unknown,GO:0016477,PATO:0000001,abnormal
ZDB-FISH-060608-416,Larval:Day 4,Larval:Day 4,ZDB-ANAT-010921-450,PATO:0000420,abnormal
ZDB-FISH-060608-417,Adult,Adult,ZDB-ANAT-011113-29,PATO:0000587,abnormal
ZDB-FISH-060608-418,Larval:Day 4,Larval:Day 4,ZDB-ANAT-011113-175,PATO:0000001,abnormal/absent
ZDB-FISH-060608-418,Unknown,Unknown,GO:0030334,PATO:0000001,abnormal
ZDB-FISH-060608-419,Adult,Adult,ZDB-ANAT-060816-32,PATO:0000426,abnormal
ZDB-FISH-060608-42,Larval:Day 4,Larval:Day 4,ZDB-ANAT-011113-175,PATO:0000419,abnormal
ZDB-FISH-060608-42,Unknown,Unknown,GO:0030334,PATO:0000001,abnormal
ZDB-FISH-060608-420,Unknown,Unknown,GO:0007420,PATO:0000001,abnormal
ZDB-FISH-060608-420,Larval:Protruding-mouth,Larval:Protruding-mouth,ZDB-ANAT-010921-415,PATO:0000060,abnormal
ZDB-FISH-060608-421,Unknown,Unknown,GO:0007632,PATO:0000001,abnormal
ZDB-FISH-060608-421,Larval:Day 5,Larval:Day 5,GO:0007632,PATO:0000001,abnormal/absent
ZDB-FISH-060608-422,Unknown,Unknown,GO:0007632,PATO:0000001,abnormal
ZDB-FISH-060608-422,Larval:Day 5,Larval:Day 5,GO:0007632,PATO:0000001,abnormal/absent
ZDB-FISH-060608-423,Larval:Day 5,Larval:Day 5,ZDB-ANAT-050228-28,PATO:0000060,abnormal
ZDB-FISH-060608-423,Unknown,Unknown,GO:0042752,PATO:0000001,abnormal
ZDB-FISH-060608-424,Larval:Day 5,Larval:Day 5,ZDB-ANAT-050228-28,PATO:0000001,abnormal/absent
ZDB-FISH-060608-424,Unknown,Unknown,GO:0042752,PATO:0000001,abnormal
ZDB-FISH-060608-425,Unknown,Unknown,GO:0007420,PATO:0000001,abnormal
ZDB-FISH-060608-425,Larval:Protruding-mouth,Larval:Protruding-mouth,ZDB-ANAT-010921-415,PATO:0000060,abnormal
ZDB-FISH-060608-426,Adult,Adult,ZDB-ANAT-060131-74,PATO:0000001,abnormal/absent
ZDB-FISH-060608-427,Adult,Adult,ZDB-ANAT-011113-526,PATO:0000587,abnormal
ZDB-FISH-060608-428,Unknown,Unknown,GO:0016477,PATO:0000001,abnormal
ZDB-FISH-060608-428,Larval:Day 4,Larval:Day 4,ZDB-ANAT-010921-450,PATO:0000001,abnormal/absent
ZDB-FISH-060608-429,Unknown,Unknown,GO:0016477,PATO:0000001,abnormal
ZDB-FISH-060608-429,Larval:Day 4,Larval:Day 4,ZDB-ANAT-010921-450,PATO:0000001,abnormal/absent
ZDB-FISH-060608-43,Unknown,Unknown,GO:0016477,PATO:0000001,abnormal
ZDB-FISH-060608-43,Larval:Day 4,Larval:Day 4,ZDB-ANAT-010921-450,PATO:0000001,abnormal/absent
ZDB-FISH-060608-430,Larval:Day 4,Larval:Day 4,ZDB-ANAT-011113-175,PATO:0000001,abnormal/absent
ZDB-FISH-060608-430,Unknown,Unknown,GO:0030334,PATO:0000001,abnormal
ZDB-FISH-060608-431,Unknown,Unknown,GO:0007632,PATO:0000001,abnormal
ZDB-FISH-060608-431,Larval:Day 5,Larval:Day 5,GO:0007632,PATO:0000001,abnormal/absent
ZDB-FISH-060608-432,Unknown,Unknown,GO:0007632,PATO:0000001,abnormal
ZDB-FISH-060608-432,Larval:Day 5,Larval:Day 5,GO:0007632,PATO:0000001,abnormal/absent
ZDB-FISH-060608-433,Unknown,Unknown,GO:0007632,PATO:0000001,abnormal
ZDB-FISH-060608-433,Larval:Day 5,Larval:Day 5,GO:0007632,PATO:0000001,abnormal/absent
ZDB-FISH-060608-434,Unknown,Unknown,GO:0007632,PATO:0000001,abnormal
ZDB-FISH-060608-434,Larval:Day 5,Larval:Day 5,GO:0007632,PATO:0000001,abnormal/absent
ZDB-FISH-060608-435,Unknown,Unknown,GO:0007632,PATO:0000001,abnormal
ZDB-FISH-060608-435,Larval:Day 5,Larval:Day 5,GO:0007632,PATO:0000001,abnormal/absent
ZDB-FISH-060608-436,Unknown,Unknown,GO:0007632,PATO:0000001,abnormal
ZDB-FISH-060608-436,Larval:Day 5,Larval:Day 5,GO:0007632,PATO:0000001,abnormal/absent
ZDB-FISH-060608-437,Unknown,Unknown,GO:0007632,PATO:0000001,abnormal
ZDB-FISH-060608-437,Larval:Day 5,Larval:Day 5,GO:0007632,PATO:0000001,abnormal/absent
ZDB-FISH-060608-438,Unknown,Unknown,GO:0007632,PATO:0000001,abnormal
ZDB-FISH-060608-438,Larval:Day 5,Larval:Day 5,GO:0007632,PATO:0000001,abnormal/absent
ZDB-FISH-060608-439,Unknown,Unknown,GO:0007632,PATO:0000001,abnormal
ZDB-FISH-060608-439,Larval:Day 5,Larval:Day 5,GO:0007632,PATO:0000001,abnormal/absent
ZDB-FISH-060608-44,Unknown,Unknown,GO:0016477,PATO:0000001,abnormal
ZDB-FISH-060608-44,Larval:Day 4,Larval:Day 4,ZDB-ANAT-010921-450,PATO:0000420,abnormal
ZDB-FISH-060608-440,Unknown,Unknown,GO:0007632,PATO:0000001,abnormal
ZDB-FISH-060608-440,Larval:Day 5,Larval:Day 5,GO:0007632,PATO:0000001,abnormal/absent
ZDB-FISH-060608-441,Unknown,Unknown,GO:0007632,PATO:0000001,abnormal
ZDB-FISH-060608-441,Larval:Day 5,Larval:Day 5,GO:0007632,PATO:0000001,abnormal/absent
ZDB-FISH-060608-442,Unknown,Unknown,GO:0007632,PATO:0000001,abnormal
ZDB-FISH-060608-442,Larval:Day 5,Larval:Day 5,GO:0007632,PATO:0000001,abnormal/absent
ZDB-FISH-060608-443,Unknown,Unknown,GO:0007632,PATO:0000001,abnormal
ZDB-FISH-060608-443,Larval:Day 5,Larval:Day 5,GO:0007632,PATO:0000001,abnormal/absent
ZDB-FISH-060608-444,Unknown,Unknown,GO:0007632,PATO:0000001,abnormal
ZDB-FISH-060608-444,Larval:Day 5,Larval:Day 5,GO:0007632,PATO:0000001,abnormal/absent
ZDB-FISH-060608-445,Unknown,Unknown,GO:0007632,PATO:0000001,abnormal
ZDB-FISH-060608-445,Larval:Day 5,Larval:Day 5,GO:0007632,PATO:0000001,abnormal/absent
ZDB-FISH-060608-446,Unknown,Unknown,GO:0007632,PATO:0000001,abnormal
ZDB-FISH-060608-446,Larval:Day 5,Larval:Day 5,GO:0007632,PATO:0000001,abnormal/absent
ZDB-FISH-060608-447,Unknown,Unknown,GO:0007632,PATO:0000001,abnormal
ZDB-FISH-060608-447,Larval:Day 5,Larval:Day 5,GO:0007632,PATO:0000001,abnormal/absent
ZDB-FISH-060608-448,Unknown,Unknown,GO:0007632,PATO:0000001,abnormal
ZDB-FISH-060608-448,Larval:Day 5,Larval:Day 5,GO:0007632,PATO:0000001,abnormal/absent
ZDB-FISH-060608-449,Unknown,Unknown,GO:0007632,PATO:0000001,abnormal
ZDB-FISH-060608-449,Larval:Day 5,Larval:Day 5,GO:0007632,PATO:0000001,abnormal/absent
ZDB-FISH-060608-45,Larval:Day 5,Larval:Day 5,ZDB-ANAT-010921-532,PATO:0000001,abnormal/absent
ZDB-FISH-060608-45,Unknown,Unknown,GO:0007632,PATO:0000001,abnormal
ZDB-FISH-060608-450,Unknown,Unknown,GO:0007632,PATO:0000001,abnormal
ZDB-FISH-060608-450,Larval:Day 5,Larval:Day 5,GO:0007632,PATO:0000001,abnormal/absent
ZDB-FISH-060608-451,Unknown,Unknown,GO:0007632,PATO:0000001,abnormal
ZDB-FISH-060608-451,Larval:Day 5,Larval:Day 5,GO:0007632,PATO:0000001,abnormal/absent
ZDB-FISH-060608-452,Unknown,Unknown,GO:0007632,PATO:0000001,abnormal
ZDB-FISH-060608-452,Larval:Day 5,Larval:Day 5,GO:0007632,PATO:0000001,abnormal/absent
ZDB-FISH-060608-453,Unknown,Unknown,GO:0007632,PATO:0000001,abnormal
ZDB-FISH-060608-453,Larval:Day 5,Larval:Day 5,GO:0007632,PATO:0000001,abnormal/absent
ZDB-FISH-060608-454,Larval:Day 5,Larval:Day 5,ZDB-ANAT-011113-308,PATO:0000468,abnormal
ZDB-FISH-060608-454,Unknown,Unknown,GO:0042060,PATO:0000001,abnormal
ZDB-FISH-060608-455,Unknown,Unknown,GO:0042692,PATO:0000001,abnormal
ZDB-FISH-060608-455,Larval:Protruding-mouth,Larval:Protruding-mouth,ZDB-ANAT-060816-31,PATO:0000419,abnormal
ZDB-FISH-060608-456,Unknown,Unknown,GO:0007420,PATO:0000001,abnormal
ZDB-FISH-060608-456,Larval:Protruding-mouth,Larval:Protruding-mouth,ZDB-ANAT-010921-415,PATO:0000060,abnormal
ZDB-FISH-060608-457,Larval:Day 4,Larval:Day 4,ZDB-ANAT-011113-175,PATO:0000001,abnormal/absent
ZDB-FISH-060608-457,Unknown,Unknown,GO:0030334,PATO:0000001,abnormal
ZDB-FISH-060608-458,Larval:Day 4,Larval:Day 4,ZDB-ANAT-020309-302,PATO:0000001,abnormal/absent
ZDB-FISH-060608-458,Unknown,Unknown,GO:0030334,PATO:0000001,abnormal
ZDB-FISH-060608-459,Larval:Day 4,Larval:Day 4,ZDB-ANAT-020309-302,PATO:0000001,abnormal/absent
ZDB-FISH-060608-459,Unknown,Unknown,GO:0030334,PATO:0000001,abnormal
ZDB-FISH-060608-46,Unknown,Unknown,GO:0007420,PATO:0000001,abnormal
ZDB-FISH-060608-46,Larval:Protruding-mouth,Larval:Protruding-mouth,ZDB-ANAT-010921-415,PATO:0000060,abnormal
ZDB-FISH-060608-460,Adult,Adult,ZDB-ANAT-011113-526,PATO:0000001,abnormal/absent
ZDB-FISH-060608-461,Adult,Adult,ZDB-ANAT-011113-526,PATO:0000001,abnormal/absent
ZDB-FISH-060608-462,Adult,Adult,ZDB-ANAT-060816-1,PATO:0000001,abnormal/absent
ZDB-FISH-060608-463,Adult,Adult,ZDB-ANAT-011113-526,PATO:0000001,abnormal/absent
ZDB-FISH-060608-464,Adult,Adult,ZDB-ANAT-011113-526,PATO:0000001,abnormal/absent
ZDB-FISH-060608-465,Adult,Adult,ZDB-ANAT-011113-526,PATO:0000001,abnormal/absent
ZDB-FISH-060608-466,Adult,Adult,ZDB-ANAT-011113-526,PATO:0000001,abnormal/absent
ZDB-FISH-060608-467,Adult,Adult,ZDB-ANAT-011113-526,PATO:0000001,abnormal/absent
ZDB-FISH-060608-468,Larval:Protruding-mouth,Larval:Protruding-mouth,ZDB-ANAT-010921-524,PATO:0000060,abnormal
ZDB-FISH-060608-468,Unknown,Unknown,GO:0042417,PATO:0000001,abnormal
ZDB-FISH-060608-469,Larval:Protruding-mouth,Larval:Protruding-mouth,ZDB-ANAT-010921-524,PATO:0000060,abnormal
ZDB-FISH-060608-469,Unknown,Unknown,GO:0042417,PATO:0000001,abnormal
ZDB-FISH-060608-47,Unknown,Unknown,GO:0007420,PATO:0000001,abnormal
ZDB-FISH-060608-47,Larval:Protruding-mouth,Larval:Protruding-mouth,ZDB-ANAT-010921-415,PATO:0000060,abnormal
ZDB-FISH-060608-470,Unknown,Unknown,GO:0016477,PATO:0000001,abnormal
ZDB-FISH-060608-470,Larval:Day 4,Larval:Day 4,ZDB-ANAT-010921-450,PATO:0000420,abnormal
ZDB-FISH-060608-471,Unknown,Unknown,GO:0016477,PATO:0000001,abnormal
ZDB-FISH-060608-471,Larval:Day 4,Larval:Day 4,ZDB-ANAT-010921-450,PATO:0000419,abnormal
ZDB-FISH-060608-472,Unknown,Unknown,GO:0016477,PATO:0000001,abnormal
ZDB-FISH-060608-472,Larval:Day 4,Larval:Day 4,ZDB-ANAT-010921-450,PATO:0000420,abnormal
ZDB-FISH-060608-473,Adult,Adult,ZDB-ANAT-010921-533,PATO:0000587,abnormal
ZDB-FISH-060608-474,Unknown,Unknown,GO:0042692,PATO:0000001,abnormal
ZDB-FISH-060608-474,Larval:Protruding-mouth,Larval:Protruding-mouth,ZDB-ANAT-060816-31,PATO:0000420,abnormal
ZDB-FISH-060608-475,Adult,Adult,ZDB-ANAT-050711-81,PATO:0000001,abnormal/absent
ZDB-FISH-060608-476,Larval:Day 4,Larval:Day 4,ZDB-ANAT-011113-175,PATO:0000419,abnormal
ZDB-FISH-060608-476,Unknown,Unknown,GO:0030334,PATO:0000001,abnormal
ZDB-FISH-060608-477,Adult,Adult,ZDB-ANAT-050304-1,PATO:0000001,abnormal/absent
ZDB-FISH-060608-478,Adult,Adult,ZDB-ANAT-011113-207,PATO:0000411,abnormal
ZDB-FISH-060608-48,Larval:Day 5,Larval:Day 5,ZDB-ANAT-010921-532,PATO:0000141,abnormal
ZDB-FISH-060608-48,Unknown,Unknown,GO:0007632,PATO:0000001,abnormal
ZDB-FISH-060608-480,Larval:Day 4,Larval:Day 4,ZDB-ANAT-011113-175,PATO:0000419,abnormal
ZDB-FISH-060608-480,Unknown,Unknown,GO:0030334,PATO:0000001,abnormal
ZDB-FISH-060608-481,Larval:Day 5,Larval:Day 5,ZDB-ANAT-010921-532,PATO:0000141,abnormal
ZDB-FISH-060608-481,Unknown,Unknown,GO:0007632,PATO:0000001,abnormal
ZDB-FISH-060608-482,Unknown,Unknown,GO:0016477,PATO:0000001,abnormal
ZDB-FISH-060608-482,Larval:Day 4,Larval:Day 4,ZDB-ANAT-010921-450,PATO:0000419,abnormal
ZDB-FISH-060608-483,Adult,Adult,GO:0048477,PATO:0000001,abnormal
ZDB-FISH-060608-484,Adult,Adult,GO:0048477,PATO:0000001,abnormal
ZDB-FISH-060608-485,Adult,Adult,ZDB-ANAT-011113-181,PATO:0000592,abnormal
ZDB-FISH-060608-486,Adult,Adult,ZDB-ANAT-011113-181,PATO:0000587,abnormal
ZDB-FISH-060608-487,Adult,Adult,ZDB-ANAT-011113-181,PATO:0000117,abnormal
ZDB-FISH-060608-488,Adult,Adult,ZDB-ANAT-011113-181,PATO:0000592,abnormal
ZDB-FISH-060608-489,Adult,Adult,ZDB-ANAT-011113-181,PATO:0000592,abnormal
ZDB-FISH-060608-49,Larval:Day 5,Larval:Day 5,ZDB-ANAT-010921-532,PATO:0000586,abnormal
ZDB-FISH-060608-49,Unknown,Unknown,GO:0019063,PATO:0000001,abnormal
ZDB-FISH-060608-490,Adult,Adult,ZDB-ANAT-011113-328,PATO:0000942,abnormal
ZDB-FISH-060608-491,Adult,Adult,ZDB-ANAT-060816-1,PATO:0000642,abnormal
ZDB-FISH-060608-492,Adult,Adult,ZDB-ANAT-011113-526,PATO:0000001,abnormal/absent
ZDB-FISH-060608-493,Adult,Adult,ZDB-ANAT-060816-1,PATO:0000642,abnormal
ZDB-FISH-060608-494,Adult,Adult,ZDB-ANAT-060816-1,PATO:0000642,abnormal
ZDB-FISH-060608-495,Unknown,Unknown,GO:0030070,PATO:0000001,abnormal
ZDB-FISH-060608-495,Hatching:Long-pec,Hatching:Long-pec,ZDB-ANAT-010921-570,PATO:0000137,abnormal
ZDB-FISH-060608-496,Adult,Adult,ZDB-ANAT-020309-117,PATO:0000052,abnormal
ZDB-FISH-060608-497,Unknown,Unknown,GO:0042692,PATO:0000001,abnormal
ZDB-FISH-060608-497,Larval:Protruding-mouth,Larval:Protruding-mouth,ZDB-ANAT-060816-31,PATO:0000419,abnormal
ZDB-FISH-060608-498,Larval:Day 5,Larval:Day 5,ZDB-ANAT-010921-530,PATO:0000591,abnormal
ZDB-FISH-060608-499,Adult,Adult,ZDB-ANAT-050304-1,PATO:0000587,abnormal
ZDB-FISH-060608-5,Adult,Adult,GO:0007610,PATO:0000001,abnormal
ZDB-FISH-060608-5,Unknown,Unknown,GO:0009315,PATO:0000001,abnormal
ZDB-FISH-060608-50,Unknown,Unknown,GO:0007632,PATO:0000001,abnormal
ZDB-FISH-060608-50,Larval:Day 5,Larval:Day 5,GO:0007632,PATO:0000001,abnormal/absent
ZDB-FISH-060608-500,Adult,Adult,ZDB-ANAT-010921-533,PATO:0000052,abnormal
ZDB-FISH-060608-501,Unknown,Unknown,GO:0040007,PATO:0000001,abnormal
ZDB-FISH-060608-501,Adult,Adult,ZDB-ANAT-010921-474,PATO:0000052,abnormal
ZDB-FISH-060608-502,Adult,Adult,ZDB-ANAT-020702-16,PATO:0000060,abnormal
ZDB-FISH-060608-502,Unknown,Unknown,GO:0040007,PATO:0000001,abnormal
ZDB-FISH-060608-503,Adult,Adult,ZDB-ANAT-020702-16,PATO:0000060,abnormal
ZDB-FISH-060608-503,Unknown,Unknown,GO:0040007,PATO:0000001,abnormal
ZDB-FISH-060608-504,Adult,Adult,ZDB-ANAT-020702-16,PATO:0000060,abnormal
ZDB-FISH-060608-504,Unknown,Unknown,GO:0040007,PATO:0000001,abnormal
ZDB-FISH-060608-505,Adult,Adult,ZDB-ANAT-020702-16,PATO:0000330,abnormal
ZDB-FISH-060608-505,Unknown,Unknown,GO:0040007,PATO:0000001,abnormal
ZDB-FISH-060608-506,Adult,Adult,ZDB-ANAT-020702-16,PATO:0000060,abnormal
ZDB-FISH-060608-506,Unknown,Unknown,GO:0040007,PATO:0000001,abnormal
ZDB-FISH-060608-507,Adult,Adult,ZDB-ANAT-020702-16,PATO:0000060,abnormal
ZDB-FISH-060608-507,Unknown,Unknown,GO:0040007,PATO:0000001,abnormal
ZDB-FISH-060608-508,Adult,Adult,ZDB-ANAT-020702-16,PATO:0000060,abnormal
ZDB-FISH-060608-508,Unknown,Unknown,GO:0040007,PATO:0000001,abnormal
ZDB-FISH-060608-509,Adult,Adult,ZDB-ANAT-020702-16,PATO:0000060,abnormal
ZDB-FISH-060608-509,Unknown,Unknown,GO:0040007,PATO:0000001,abnormal
ZDB-FISH-060608-51,Larval:Day 5,Larval:Day 5,ZDB-ANAT-011113-308,PATO:0000468,abnormal
ZDB-FISH-060608-51,Unknown,Unknown,GO:0042060,PATO:0000001,abnormal
ZDB-FISH-060608-510,Unknown,Unknown,GO:0007507,PATO:0000001,abnormal
ZDB-FISH-060608-510,Pharyngula:Prim-5,Pharyngula:Prim-5,ZDB-ANAT-011113-284,PATO:0000052,abnormal
ZDB-FISH-060608-511,Unknown,Unknown,GO:0007507,PATO:0000001,abnormal
ZDB-FISH-060608-511,Pharyngula:Prim-5,Pharyngula:Prim-5,ZDB-ANAT-011113-284,PATO:0000052,abnormal
ZDB-FISH-060608-512,Unknown,Unknown,GO:0007420,PATO:0000001,abnormal
ZDB-FISH-060608-512,Larval:Protruding-mouth,Larval:Protruding-mouth,ZDB-ANAT-010921-415,PATO:0000060,abnormal
ZDB-FISH-060608-513,Unknown,Unknown,GO:0007420,PATO:0000001,abnormal
ZDB-FISH-060608-513,Larval:Protruding-mouth,Larval:Protruding-mouth,ZDB-ANAT-010921-415,PATO:0000060,abnormal
ZDB-FISH-060608-514,Unknown,Unknown,GO:0007420,PATO:0000001,abnormal
ZDB-FISH-060608-514,Larval:Protruding-mouth,Larval:Protruding-mouth,ZDB-ANAT-010921-415,PATO:0000060,abnormal
ZDB-FISH-060608-515,Adult,Adult,ZDB-ANAT-020702-16,PATO:0000639,abnormal
ZDB-FISH-060608-516,Larval:Day 5,Larval:Day 5,ZDB-ANAT-010921-453,PATO:0000639,abnormal
ZDB-FISH-060608-516,Unknown,Unknown,GO:0042060,PATO:0000001,abnormal
ZDB-FISH-060608-517,Adult,Adult,ZDB-ANAT-040708-1,PATO:0001019,abnormal
ZDB-FISH-060608-518,Adult,Adult,ZDB-ANAT-011113-207,PATO:0000411,abnormal
ZDB-FISH-060608-519,Adult,Adult,ZDB-ANAT-011113-207,PATO:0000411,abnormal
ZDB-FISH-060608-52,Larval:Day 4,Larval:Day 4,ZDB-ANAT-060816-79,PATO:0000419,abnormal
ZDB-FISH-060608-52,Unknown,Unknown,GO:0006955,PATO:0000001,abnormal
ZDB-FISH-060608-520,Adult,Adult,ZDB-ANAT-011113-207,PATO:0000411,abnormal
ZDB-FISH-060608-521,Adult,Adult,ZDB-ANAT-011113-207,PATO:0000117,abnormal
ZDB-FISH-060608-522,Adult,Adult,ZDB-ANAT-011113-207,PATO:0000117,abnormal
ZDB-FISH-060608-523,Adult,Adult,ZDB-ANAT-011113-207,PATO:0000052,abnormal
ZDB-FISH-060608-524,Adult,Adult,ZDB-ANAT-011113-207,PATO:0000052,abnormal
ZDB-FISH-060608-525,Adult,Adult,ZDB-ANAT-011113-207,PATO:0000052,abnormal
ZDB-FISH-060608-526,Adult,Adult,ZDB-ANAT-060816-32,PATO:0000426,abnormal
ZDB-FISH-060608-527,Adult,Adult,ZDB-ANAT-011113-400,PATO:0000587,abnormal
ZDB-FISH-060608-528,Adult,Adult,ZDB-ANAT-010921-533,PATO:0000587,abnormal
ZDB-FISH-060608-529,Hatching:Long-pec,Hatching:Long-pec,ZDB-ANAT-050711-7,PATO:0000587,abnormal
ZDB-FISH-060608-529,Unknown,Unknown,GO:0030070,PATO:0000001,abnormal
ZDB-FISH-060608-53,Larval:Day 5,Larval:Day 5,ZDB-ANAT-010921-447,PATO:0000141,abnormal
ZDB-FISH-060608-53,Unknown,Unknown,GO:0007632,PATO:0000001,abnormal
ZDB-FISH-060608-530,Hatching:Long-pec,Hatching:Long-pec,ZDB-ANAT-050711-7,PATO:0000587,abnormal
ZDB-FISH-060608-530,Unknown,Unknown,GO:0030070,PATO:0000001,abnormal
ZDB-FISH-060608-531,Larval:Day 4,Larval:Day 4,ZDB-ANAT-020309-302,PATO:0000419,abnormal
ZDB-FISH-060608-531,Unknown,Unknown,GO:0030334,PATO:0000001,abnormal
ZDB-FISH-060608-532,Larval:Day 4,Larval:Day 4,ZDB-ANAT-011113-175,PATO:0000419,abnormal
ZDB-FISH-060608-532,Unknown,Unknown,GO:0030334,PATO:0000001,abnormal
ZDB-FISH-060608-533,Larval:Day 4,Larval:Day 4,ZDB-ANAT-011113-175,PATO:0000419,abnormal
ZDB-FISH-060608-533,Unknown,Unknown,GO:0030334,PATO:0000001,abnormal
ZDB-FISH-060608-534,Unknown,Unknown,GO:0007420,PATO:0000001,abnormal
ZDB-FISH-060608-534,Larval:Protruding-mouth,Larval:Protruding-mouth,ZDB-ANAT-010921-415,PATO:0000060,abnormal
ZDB-FISH-060608-535,Unknown,Unknown,GO:0007420,PATO:0000001,abnormal
ZDB-FISH-060608-535,Larval:Protruding-mouth,Larval:Protruding-mouth,ZDB-ANAT-010921-415,PATO:0000060,abnormal
ZDB-FISH-060608-536,Adult,Adult,ZDB-ANAT-010921-533,PATO:0000587,abnormal
ZDB-FISH-060608-537,Adult,Adult,ZDB-ANAT-010921-533,PATO:0000587,abnormal
ZDB-FISH-060608-538,Unknown,Unknown,GO:0048143,PATO:0000001,abnormal
ZDB-FISH-060608-538,Larval:Day 4,Larval:Day 4,ZDB-ANAT-010921-415,PATO:0000060,abnormal
ZDB-FISH-060608-539,Adult,Adult,ZDB-ANAT-011113-400,PATO:0000419,abnormal
ZDB-FISH-060608-54,Larval:Day 5,Larval:Day 5,ZDB-ANAT-020702-8,PATO:0000001,abnormal/absent
ZDB-FISH-060608-54,Unknown,Unknown,GO:0042060,PATO:0000001,abnormal
ZDB-FISH-060608-540,Larval:Day 5,Larval:Day 5,ZDB-ANAT-010921-530,PATO:0000141,abnormal
ZDB-FISH-060608-541,Pharyngula:High-pec,Pharyngula:High-pec,ZDB-ANAT-010921-530,PATO:0000141,abnormal
ZDB-FISH-060608-542,Pharyngula:High-pec,Pharyngula:High-pec,ZDB-ANAT-010921-530,PATO:0000141,abnormal
ZDB-FISH-060608-543,Pharyngula:High-pec,Pharyngula:High-pec,ZDB-ANAT-010921-530,PATO:0000141,abnormal
ZDB-FISH-060608-544,Adult,Adult,ZDB-ANAT-020309-117,PATO:0000052,abnormal
ZDB-FISH-060608-545,Adult,Adult,ZDB-ANAT-011113-207,PATO:0000060,abnormal
ZDB-FISH-060608-546,Adult,Adult,ZDB-ANAT-011113-207,PATO:0000625,abnormal
ZDB-FISH-060608-547,Adult,Adult,ZDB-ANAT-011113-207,PATO:0000587,abnormal
ZDB-FISH-060608-548,Adult,Adult,ZDB-ANAT-011113-207,PATO:0000587,abnormal
ZDB-FISH-060608-549,Adult,Adult,ZDB-ANAT-011113-207,PATO:0000060,abnormal
ZDB-FISH-060608-55,Larval:Day 5,Larval:Day 5,ZDB-ANAT-011113-308,PATO:0000468,abnormal
ZDB-FISH-060608-55,Unknown,Unknown,GO:0042060,PATO:0000001,abnormal
ZDB-FISH-060608-550,Adult,Adult,ZDB-ANAT-011113-207,PATO:0000625,abnormal
ZDB-FISH-060608-551,Adult,Adult,ZDB-ANAT-011113-207,PATO:0000060,abnormal
ZDB-FISH-060608-552,Adult,Adult,ZDB-ANAT-011113-207,PATO:0000137,abnormal
ZDB-FISH-060608-553,Adult,Adult,ZDB-ANAT-011113-207,PATO:0000411,abnormal
ZDB-FISH-060608-554,Adult,Adult,ZDB-ANAT-011113-207,PATO:0000411,abnormal
ZDB-FISH-060608-555,Adult,Adult,ZDB-ANAT-011113-207,PATO:0000587,abnormal
ZDB-FISH-060608-556,Adult,Adult,ZDB-ANAT-011113-207,PATO:0000060,abnormal
ZDB-FISH-060608-557,Adult,Adult,ZDB-ANAT-011113-207,PATO:0000060,abnormal
ZDB-FISH-060608-558,Adult,Adult,ZDB-ANAT-011113-207,PATO:0000052,abnormal
ZDB-FISH-060608-559,Adult,Adult,ZDB-ANAT-011113-207,PATO:0000646,abnormal
ZDB-FISH-060608-56,Larval:Day 4,Larval:Day 4,ZDB-ANAT-060816-79,PATO:0000420,abnormal
ZDB-FISH-060608-56,Unknown,Unknown,GO:0006955,PATO:0000001,abnormal
ZDB-FISH-060608-560,Adult,Adult,ZDB-ANAT-011113-207,PATO:0000646,abnormal
ZDB-FISH-060608-561,Adult,Adult,ZDB-ANAT-011113-207,PATO:0000646,abnormal
ZDB-FISH-060608-562,Adult,Adult,ZDB-ANAT-011113-207,PATO:0000625,abnormal
ZDB-FISH-060608-563,Adult,Adult,ZDB-ANAT-011113-207,PATO:0000411,abnormal
ZDB-FISH-060608-564,Adult,Adult,ZDB-ANAT-011113-207,PATO:0000411,abnormal
ZDB-FISH-060608-565,Adult,Adult,ZDB-ANAT-011113-207,PATO:0000052,abnormal
ZDB-FISH-060608-566,Adult,Adult,ZDB-ANAT-010921-533,PATO:0000586,abnormal
ZDB-FISH-060608-567,Larval:Day 5,Larval:Day 5,ZDB-ANAT-010921-447,PATO:0000141,abnormal
ZDB-FISH-060608-567,Unknown,Unknown,GO:0007632,PATO:0000001,abnormal
ZDB-FISH-060608-568,Adult,Adult,ZDB-ANAT-010921-530,PATO:0000141,abnormal
ZDB-FISH-060608-569,Larval:Day 5,Larval:Day 5,ZDB-ANAT-010921-530,PATO:0000141,abnormal
ZDB-FISH-060608-57,Larval:Day 4,Larval:Day 4,ZDB-ANAT-011113-175,PATO:0000001,abnormal/absent
ZDB-FISH-060608-57,Unknown,Unknown,GO:0030334,PATO:0000001,abnormal
ZDB-FISH-060608-570,Adult,Adult,ZDB-ANAT-010921-530,PATO:0000141,abnormal
ZDB-FISH-060608-571,Adult,Adult,ZDB-ANAT-011113-328,PATO:0000650,abnormal
ZDB-FISH-060608-572,Unknown,Unknown,GO:0042692,PATO:0000001,abnormal
ZDB-FISH-060608-572,Larval:Protruding-mouth,Larval:Protruding-mouth,ZDB-ANAT-011113-469,PATO:0000468,abnormal
ZDB-FISH-060608-573,Adult,Adult,ZDB-ANAT-011113-400,PATO:0000646,abnormal
ZDB-FISH-060608-574,Adult,Adult,ZDB-ANAT-050228-1,PATO:0000574,abnormal
ZDB-FISH-060608-575,Adult,Adult,ZDB-ANAT-050228-1,PATO:0000574,abnormal
ZDB-FISH-060608-576,Hatching:Long-pec,Hatching:Pec-fin,ZDB-ANAT-010921-415,PATO:0000060,abnormal
ZDB-FISH-060608-577,Adult,Adult,ZDB-ANAT-050228-1,PATO:0000969,abnormal
ZDB-FISH-060608-578,Adult,Adult,ZDB-ANAT-020702-16,PATO:0000141,abnormal
ZDB-FISH-060608-578,Unknown,Unknown,GO:0040007,PATO:0000001,abnormal
ZDB-FISH-060608-579,Larval:Day 5,Larval:Day 5,ZDB-ANAT-010921-530,PATO:0000141,abnormal
ZDB-FISH-060608-58,Unknown,Unknown,GO:0016477,PATO:0000001,abnormal
ZDB-FISH-060608-58,Larval:Day 4,Larval:Day 4,ZDB-ANAT-010921-450,PATO:0000419,abnormal
ZDB-FISH-060608-580,Larval:Day 5,Larval:Day 5,ZDB-ANAT-010921-530,PATO:0000141,abnormal
ZDB-FISH-060608-581,Larval:Day 5,Larval:Day 5,ZDB-ANAT-010921-530,PATO:0000141,abnormal
ZDB-FISH-060608-582,Pharyngula:High-pec,Pharyngula:High-pec,ZDB-ANAT-010921-530,PATO:0000141,abnormal
ZDB-FISH-060608-583,Adult,Adult,ZDB-ANAT-011113-207,PATO:0000052,abnormal
ZDB-FISH-060608-584,Adult,Adult,ZDB-ANAT-011113-207,PATO:0000133,abnormal
ZDB-FISH-060608-585,Adult,Adult,ZDB-ANAT-020309-117,PATO:0000646,abnormal
ZDB-FISH-060608-586,Adult,Adult,ZDB-ANAT-020309-117,PATO:0000587,abnormal
ZDB-FISH-060608-587,Adult,Adult,ZDB-ANAT-020309-117,PATO:0000117,abnormal
ZDB-FISH-060608-588,Adult,Adult,ZDB-ANAT-020309-117,PATO:0000117,abnormal
ZDB-FISH-060608-589,Adult,Adult,ZDB-ANAT-020309-117,PATO:0000052,abnormal
ZDB-FISH-060608-59,Unknown,Unknown,GO:0007632,PATO:0000001,abnormal
ZDB-FISH-060608-59,Larval:Day 5,Larval:Day 5,GO:0007632,PATO:0000001,abnormal/absent
ZDB-FISH-060608-590,Adult,Adult,ZDB-ANAT-020309-117,PATO:0000060,abnormal
ZDB-FISH-060608-591,Adult,Adult,ZDB-ANAT-020309-117,PATO:0000052,abnormal
ZDB-FISH-060608-592,Adult,Adult,ZDB-ANAT-050420-2,PATO:0000587,abnormal
ZDB-FISH-060608-593,Adult,Adult,ZDB-ANAT-050711-81,PATO:0000646,abnormal
ZDB-FISH-060608-594,Adult,Adult,ZDB-ANAT-020702-16,PATO:0000060,abnormal
ZDB-FISH-060608-594,Unknown,Unknown,GO:0040007,PATO:0000001,abnormal
ZDB-FISH-060608-595,Adult,Adult,GO:0007601,PATO:0000001,abnormal/absent
ZDB-FISH-060608-596,Larval:Day 5,Larval:Day 5,ZDB-ANAT-010921-537,PATO:0000141,abnormal
ZDB-FISH-060608-596,Unknown,Unknown,GO:0007507,PATO:0000001,abnormal
ZDB-FISH-060608-597,Larval:Day 5,Larval:Day 5,ZDB-ANAT-010921-537,PATO:0000407,abnormal
ZDB-FISH-060608-597,Unknown,Unknown,GO:0007507,PATO:0000001,abnormal
ZDB-FISH-060608-598,Larval:Day 5,Larval:Day 5,ZDB-ANAT-050228-28,PATO:0000060,abnormal
ZDB-FISH-060608-598,Unknown,Unknown,GO:0042752,PATO:0000001,abnormal
ZDB-FISH-060608-599,Larval:Day 5,Larval:Day 5,ZDB-ANAT-050228-28,PATO:0000060,abnormal
ZDB-FISH-060608-599,Unknown,Unknown,GO:0042752,PATO:0000001,abnormal
ZDB-FISH-060608-60,Unknown,Unknown,GO:0007632,PATO:0000001,abnormal
ZDB-FISH-060608-60,Larval:Day 5,Larval:Day 5,GO:0007632,PATO:0000001,abnormal/absent
ZDB-FISH-060608-600,Larval:Day 5,Larval:Day 5,ZDB-ANAT-050228-28,PATO:0000060,abnormal
ZDB-FISH-060608-600,Unknown,Unknown,GO:0042752,PATO:0000001,abnormal
ZDB-FISH-060608-601,Larval:Day 5,Larval:Day 5,ZDB-ANAT-050228-28,PATO:0000060,abnormal
ZDB-FISH-060608-601,Unknown,Unknown,GO:0042752,PATO:0000001,abnormal
ZDB-FISH-060608-602,Unknown,Unknown,GO:0007507,PATO:0000001,abnormal
ZDB-FISH-060608-602,Pharyngula:Prim-5,Pharyngula:Prim-5,ZDB-ANAT-011113-284,PATO:0000052,abnormal
ZDB-FISH-060608-603,Larval:Day 5,Larval:Day 5,ZDB-ANAT-050228-28,PATO:0000060,abnormal
ZDB-FISH-060608-603,Unknown,Unknown,GO:0042752,PATO:0000001,abnormal
ZDB-FISH-060608-604,Larval:Day 5,Larval:Day 5,ZDB-ANAT-050228-28,PATO:0000060,abnormal
ZDB-FISH-060608-604,Unknown,Unknown,GO:0042752,PATO:0000001,abnormal
ZDB-FISH-060608-605,Larval:Day 5,Larval:Day 5,ZDB-ANAT-050228-28,PATO:0000060,abnormal
ZDB-FISH-060608-605,Unknown,Unknown,GO:0042752,PATO:0000001,abnormal
ZDB-FISH-060608-606,Unknown,Unknown,GO:0040007,PATO:0000001,abnormal
ZDB-FISH-060608-606,Adult,Adult,ZDB-ANAT-050711-78,PATO:0000587,abnormal
ZDB-FISH-060608-607,Unknown,Unknown,GO:0040007,PATO:0000001,abnormal
ZDB-FISH-060608-607,Adult,Adult,ZDB-ANAT-050711-78,PATO:0000587,abnormal
ZDB-FISH-060608-608,Unknown,Unknown,GO:0040007,PATO:0000001,abnormal
ZDB-FISH-060608-608,Adult,Adult,ZDB-ANAT-050711-78,PATO:0000587,abnormal
ZDB-FISH-060608-609,Unknown,Unknown,GO:0040007,PATO:0000001,abnormal
ZDB-FISH-060608-609,Adult,Adult,ZDB-ANAT-050711-78,PATO:0000587,abnormal
ZDB-FISH-060608-61,Unknown,Unknown,GO:0007632,PATO:0000001,abnormal
ZDB-FISH-060608-61,Larval:Day 5,Larval:Day 5,GO:0007632,PATO:0000001,abnormal/absent
ZDB-FISH-060608-610,Unknown,Unknown,GO:0007507,PATO:0000001,abnormal
ZDB-FISH-060608-610,Pharyngula:Prim-5,Pharyngula:Prim-5,ZDB-ANAT-011113-284,PATO:0000052,abnormal
ZDB-FISH-060608-611,Unknown,Unknown,GO:0016477,PATO:0000001,abnormal
ZDB-FISH-060608-611,Larval:Day 4,Larval:Day 4,ZDB-ANAT-010921-450,PATO:0000071,normal
ZDB-FISH-060608-612,Unknown,Unknown,GO:0016477,PATO:0000001,abnormal
ZDB-FISH-060608-612,Larval:Day 4,Larval:Day 4,ZDB-ANAT-010921-450,PATO:0000420,abnormal
ZDB-FISH-060608-613,Unknown,Unknown,GO:0016477,PATO:0000001,abnormal
ZDB-FISH-060608-613,Larval:Day 4,Larval:Day 4,ZDB-ANAT-010921-450,PATO:0000419,abnormal
ZDB-FISH-060608-614,Unknown,Unknown,GO:0016477,PATO:0000001,abnormal
ZDB-FISH-060608-614,Larval:Day 4,Larval:Day 4,ZDB-ANAT-010921-450,PATO:0000419,abnormal
ZDB-FISH-060608-615,Larval:Day 5,Larval:Day 5,ZDB-ANAT-060816-78,PATO:0000411,abnormal
ZDB-FISH-060608-616,Larval:Day 5,Larval:Day 5,ZDB-ANAT-050228-28,PATO:0000060,abnormal
ZDB-FISH-060608-616,Unknown,Unknown,GO:0042752,PATO:0000001,abnormal
ZDB-FISH-060608-617,Adult,Adult,ZDB-ANAT-011113-181,PATO:0000587,abnormal
ZDB-FISH-060608-618,Unknown,Unknown,GO:0048143,PATO:0000001,abnormal
ZDB-FISH-060608-618,Larval:Day 4,Larval:Day 4,ZDB-ANAT-010921-415,PATO:0000060,abnormal
ZDB-FISH-060608-619,Larval:Day 4,Larval:Day 4,ZDB-ANAT-011113-175,PATO:0000419,abnormal
ZDB-FISH-060608-619,Unknown,Unknown,GO:0030334,PATO:0000001,abnormal
ZDB-FISH-060608-62,Adult,Adult,ZDB-ANAT-011113-207,PATO:0000060,abnormal
ZDB-FISH-060608-620,Unknown,Unknown,GO:0016477,PATO:0000001,abnormal
ZDB-FISH-060608-620,Larval:Day 4,Larval:Day 4,ZDB-ANAT-010921-450,PATO:0000419,abnormal
ZDB-FISH-060608-621,Unknown,Unknown,GO:0016477,PATO:0000001,abnormal
ZDB-FISH-060608-621,Larval:Day 4,Larval:Day 4,ZDB-ANAT-010921-450,PATO:0000419,abnormal
ZDB-FISH-060608-622,Unknown,Unknown,GO:0030070,PATO:0000001,abnormal
ZDB-FISH-060608-622,Hatching:Long-pec,Hatching:Long-pec,ZDB-ANAT-010921-570,PATO:0000141,abnormal
ZDB-FISH-060608-623,Unknown,Unknown,GO:0007507,PATO:0000001,abnormal
ZDB-FISH-060608-623,Hatching:Long-pec,Hatching:Long-pec,ZDB-ANAT-011113-284,PATO:0000140,abnormal
ZDB-FISH-060608-624,Unknown,Unknown,GO:0007507,PATO:0000001,abnormal
ZDB-FISH-060608-624,Hatching:Long-pec,Hatching:Long-pec,ZDB-ANAT-011113-284,PATO:0000140,abnormal
ZDB-FISH-060608-625,Unknown,Unknown,GO:0007507,PATO:0000001,abnormal
ZDB-FISH-060608-625,Hatching:Long-pec,Hatching:Long-pec,ZDB-ANAT-011113-284,PATO:0000140,abnormal
ZDB-FISH-060608-626,Unknown,Unknown,GO:0007507,PATO:0000001,abnormal
ZDB-FISH-060608-626,Hatching:Long-pec,Hatching:Long-pec,ZDB-ANAT-011113-284,PATO:0000140,abnormal
ZDB-FISH-060608-627,Unknown,Unknown,GO:0007507,PATO:0000001,abnormal
ZDB-FISH-060608-627,Hatching:Long-pec,Hatching:Long-pec,ZDB-ANAT-011113-284,PATO:0000140,abnormal
ZDB-FISH-060608-628,Unknown,Unknown,GO:0042692,PATO:0000001,abnormal
ZDB-FISH-060608-628,Larval:Protruding-mouth,Larval:Protruding-mouth,ZDB-ANAT-011113-469,PATO:0000141,abnormal
ZDB-FISH-060608-629,Unknown,Unknown,GO:0007507,PATO:0000001,abnormal
ZDB-FISH-060608-629,Hatching:Long-pec,Hatching:Long-pec,ZDB-ANAT-011113-284,PATO:0000140,abnormal
ZDB-FISH-060608-63,Unknown,Unknown,GO:0007420,PATO:0000001,abnormal
ZDB-FISH-060608-63,Larval:Protruding-mouth,Larval:Protruding-mouth,ZDB-ANAT-010921-415,PATO:0000060,abnormal
ZDB-FISH-060608-630,Adult,Adult,ZDB-ANAT-050228-1,PATO:0000617,abnormal
ZDB-FISH-060608-631,Unknown,Unknown,GO:0030070,PATO:0000001,abnormal
ZDB-FISH-060608-631,Hatching:Long-pec,Hatching:Long-pec,ZDB-ANAT-010921-570,PATO:0000141,abnormal
ZDB-FISH-060608-632,Unknown,Unknown,GO:0007507,PATO:0000001,abnormal
ZDB-FISH-060608-632,Pharyngula:Prim-5,Pharyngula:Prim-5,ZDB-ANAT-011113-284,PATO:0000052,abnormal
ZDB-FISH-060608-633,Unknown,Unknown,GO:0042692,PATO:0000001,abnormal
ZDB-FISH-060608-633,Larval:Protruding-mouth,Larval:Protruding-mouth,ZDB-ANAT-060816-31,PATO:0000419,abnormal
ZDB-FISH-060608-634,Adult,Adult,ZDB-ANAT-010921-530,PATO:0000141,abnormal
ZDB-FISH-060608-635,Larval:Day 4,Larval:Day 4,ZDB-ANAT-011113-175,PATO:0000420,abnormal
ZDB-FISH-060608-635,Unknown,Unknown,GO:0030334,PATO:0000001,abnormal
ZDB-FISH-060608-636,Larval:Day 4,Larval:Day 4,ZDB-ANAT-011113-175,PATO:0000420,abnormal
ZDB-FISH-060608-636,Unknown,Unknown,GO:0030334,PATO:0000001,abnormal
ZDB-FISH-060608-637,Adult,Adult,ZDB-ANAT-020309-117,PATO:0000616,abnormal
ZDB-FISH-060608-638,Unknown,Unknown,GO:0016477,PATO:0000001,abnormal
ZDB-FISH-060608-638,Larval:Day 4,Larval:Day 4,ZDB-ANAT-010921-450,PATO:0000419,abnormal
ZDB-FISH-060608-639,Hatching:Long-pec,Hatching:Pec-fin,ZDB-ANAT-010921-415,PATO:0000060,abnormal
ZDB-FISH-060608-64,Larval:Day 5,Larval:Day 5,ZDB-ANAT-010921-532,PATO:0000001,abnormal/absent
ZDB-FISH-060608-64,Unknown,Unknown,GO:0007632,PATO:0000001,abnormal
ZDB-FISH-060608-640,Unknown,Unknown,GO:0016477,PATO:0000001,abnormal
ZDB-FISH-060608-640,Larval:Day 4,Larval:Day 4,ZDB-ANAT-010921-450,PATO:0001226,abnormal/absent
ZDB-FISH-060608-641,Adult,Adult,ZDB-ANAT-020702-16,PATO:0000060,abnormal
ZDB-FISH-060608-641,Unknown,Unknown,GO:0040007,PATO:0000001,abnormal
ZDB-FISH-060608-642,Adult,Adult,ZDB-ANAT-011113-79,PATO:0000419,abnormal
ZDB-FISH-060608-643,Unknown,Unknown,GO:0042692,PATO:0000001,abnormal
ZDB-FISH-060608-643,Larval:Protruding-mouth,Larval:Protruding-mouth,ZDB-ANAT-011113-469,PATO:0000141,abnormal/absent
ZDB-FISH-060608-644,Unknown,Unknown,GO:0042692,PATO:0000001,abnormal
ZDB-FISH-060608-644,Larval:Protruding-mouth,Larval:Protruding-mouth,ZDB-ANAT-060816-31,PATO:0000060,abnormal
ZDB-FISH-060608-645,Larval:Day 5,Larval:Day 5,ZDB-ANAT-010921-537,PATO:0000141,abnormal
ZDB-FISH-060608-645,Unknown,Unknown,GO:0007507,PATO:0000001,abnormal
ZDB-FISH-060608-646,Adult,Adult,ZDB-ANAT-020309-117,PATO:0000117,abnormal
ZDB-FISH-060608-647,Adult,Adult,ZDB-ANAT-020309-117,PATO:0000060,abnormal
ZDB-FISH-060608-648,Unknown,Unknown,GO:0016477,PATO:0000001,abnormal
ZDB-FISH-060608-648,Larval:Day 4,Larval:Day 4,ZDB-ANAT-010921-450,PATO:0000420,abnormal
ZDB-FISH-060608-649,Larval:Day 5,Larval:Day 5,ZDB-ANAT-010921-537,PATO:0000141,abnormal
ZDB-FISH-060608-649,Unknown,Unknown,GO:0007507,PATO:0000001,abnormal
ZDB-FISH-060608-65,Adult,Adult,ZDB-ANAT-040708-2,PATO:0000331,abnormal
ZDB-FISH-060608-650,Unknown,Unknown,GO:0042692,PATO:0000001,abnormal
ZDB-FISH-060608-650,Larval:Protruding-mouth,Larval:Protruding-mouth,ZDB-ANAT-060816-31,PATO:0000419,abnormal
ZDB-FISH-060608-651,Larval:Day 5,Larval:Day 5,ZDB-ANAT-050228-28,PATO:0000060,abnormal
ZDB-FISH-060608-651,Unknown,Unknown,GO:0042752,PATO:0000001,abnormal
ZDB-FISH-060608-652,Adult,Adult,ZDB-ANAT-010921-530,PATO:0000141,abnormal
ZDB-FISH-060608-653,Unknown,Unknown,GO:0042692,PATO:0000001,abnormal
ZDB-FISH-060608-653,Larval:Protruding-mouth,Larval:Protruding-mouth,ZDB-ANAT-011113-469,PATO:0000141,abnormal
ZDB-FISH-060608-654,Pharyngula:High-pec,Pharyngula:High-pec,ZDB-ANAT-010921-530,PATO:0000141,abnormal
ZDB-FISH-060608-655,Larval:Day 5,Larval:Day 5,ZDB-ANAT-010921-530,PATO:0000141,abnormal
ZDB-FISH-060608-656,Pharyngula:High-pec,Pharyngula:High-pec,ZDB-ANAT-010921-530,PATO:0000141,abnormal
ZDB-FISH-060608-66,Larval:Day 5,Larval:Day 5,ZDB-ANAT-011113-308,PATO:0000468,abnormal
ZDB-FISH-060608-66,Unknown,Unknown,GO:0042060,PATO:0000001,abnormal
ZDB-FISH-060608-67,Larval:Day 5,Larval:Day 5,ZDB-ANAT-010921-533,PATO:0000639,abnormal
ZDB-FISH-060608-67,Unknown,Unknown,GO:0042060,PATO:0000001,abnormal
ZDB-FISH-060608-68,Larval:Day 5,Larval:Day 5,ZDB-ANAT-050228-28,PATO:0000060,abnormal
ZDB-FISH-060608-68,Unknown,Unknown,GO:0042752,PATO:0000001,abnormal
ZDB-FISH-060608-69,Larval:Day 4,Larval:Day 4,ZDB-ANAT-011113-175,PATO:0000419,abnormal
ZDB-FISH-060608-69,Unknown,Unknown,GO:0030334,PATO:0000001,abnormal
ZDB-FISH-060608-70,Adult,Adult,ZDB-ANAT-020702-16,PATO:0000052,abnormal
ZDB-FISH-060608-70,Unknown,Unknown,GO:0040007,PATO:0000001,abnormal
ZDB-FISH-060608-71,Larval:Day 5,Larval:Day 5,ZDB-ANAT-011113-308,PATO:0000468,abnormal
ZDB-FISH-060608-71,Unknown,Unknown,GO:0042060,PATO:0000001,abnormal
ZDB-FISH-060608-72,Larval:Day 5,Larval:Day 5,ZDB-ANAT-011113-308,PATO:0000468,abnormal
ZDB-FISH-060608-72,Unknown,Unknown,GO:0042060,PATO:0000001,abnormal
ZDB-FISH-060608-73,Larval:Day 5,Larval:Day 5,ZDB-ANAT-010921-447,PATO:0000646,abnormal
ZDB-FISH-060608-73,Unknown,Unknown,GO:0007632,PATO:0000001,abnormal
ZDB-FISH-060608-74,Larval:Day 5,Larval:Day 5,ZDB-ANAT-010921-533,PATO:0000639,abnormal
ZDB-FISH-060608-74,Unknown,Unknown,GO:0042060,PATO:0000001,abnormal
ZDB-FISH-060608-75,Unknown,Unknown,GO:0007420,PATO:0000001,abnormal
ZDB-FISH-060608-75,Larval:Protruding-mouth,Larval:Protruding-mouth,ZDB-ANAT-010921-415,PATO:0000060,abnormal
ZDB-FISH-060608-76,Adult,Adult,ZDB-ANAT-050711-81,PATO:0000592,abnormal
ZDB-FISH-060608-77,Unknown,Unknown,GO:0007632,PATO:0000001,abnormal
ZDB-FISH-060608-77,Larval:Day 5,Larval:Day 5,GO:0007632,PATO:0000001,abnormal/absent
ZDB-FISH-060608-78,Larval:Day 5,Larval:Day 5,ZDB-ANAT-011113-308,PATO:0000468,abnormal
ZDB-FISH-060608-78,Unknown,Unknown,GO:0042060,PATO:0000001,abnormal
ZDB-FISH-060608-79,Larval:Day 5,Larval:Day 5,ZDB-ANAT-010921-532,PATO:0000141,abnormal
ZDB-FISH-060608-79,Unknown,Unknown,GO:0007632,PATO:0000001,abnormal
ZDB-FISH-060608-8,Unknown,Unknown,GO:0007632,PATO:0000001,abnormal
ZDB-FISH-060608-8,Larval:Day 5,Larval:Day 5,GO:0007632,PATO:0000001,abnormal/absent
ZDB-FISH-060608-80,Larval:Day 5,Larval:Day 5,ZDB-ANAT-011113-308,PATO:0000468,abnormal
ZDB-FISH-060608-80,Unknown,Unknown,GO:0042060,PATO:0000001,abnormal
ZDB-FISH-060608-81,Larval:Day 5,Larval:Day 5,ZDB-ANAT-010921-530,PATO:0000141,abnormal
ZDB-FISH-060608-81,Unknown,Unknown,GO:0042060,PATO:0000001,abnormal
ZDB-FISH-060608-82,Larval:Day 5,Larval:Day 5,ZDB-ANAT-011113-308,PATO:0000468,abnormal
ZDB-FISH-060608-82,Unknown,Unknown,GO:0042060,PATO:0000001,abnormal
ZDB-FISH-060608-83,Larval:Day 5,Larval:Day 5,ZDB-ANAT-011113-308,PATO:0000468,abnormal
ZDB-FISH-060608-83,Unknown,Unknown,GO:0042060,PATO:0000001,abnormal
ZDB-FISH-060608-84,Unknown,Unknown,GO:0007632,PATO:0000001,abnormal
ZDB-FISH-060608-84,Larval:Day 5,Larval:Day 5,GO:0007632,PATO:0000001,abnormal/absent
ZDB-FISH-060608-85,Unknown,Unknown,GO:0007632,PATO:0000001,abnormal
ZDB-FISH-060608-85,Larval:Day 5,Larval:Day 5,GO:0007632,PATO:0000001,abnormal/absent
ZDB-FISH-060608-86,Unknown,Unknown,GO:0007420,PATO:0000001,abnormal
ZDB-FISH-060608-86,Larval:Protruding-mouth,Larval:Protruding-mouth,ZDB-ANAT-010921-415,PATO:0000060,abnormal
ZDB-FISH-060608-87,Larval:Day 4,Larval:Day 4,ZDB-ANAT-060816-79,PATO:0000060,abnormal
ZDB-FISH-060608-87,Unknown,Unknown,GO:0006955,PATO:0000001,abnormal
ZDB-FISH-060608-88,Larval:Day 5,Larval:Day 5,ZDB-ANAT-011113-308,PATO:0000468,abnormal
ZDB-FISH-060608-88,Unknown,Unknown,GO:0042060,PATO:0000001,abnormal
ZDB-FISH-060608-89,Larval:Day 5,Larval:Day 5,ZDB-ANAT-010921-530,PATO:0000141,abnormal
ZDB-FISH-060608-89,Unknown,Unknown,GO:0042060,PATO:0000001,abnormal
ZDB-FISH-060608-9,Unknown,Unknown,GO:0007507,PATO:0000001,abnormal
ZDB-FISH-060608-9,Hatching:Long-pec,Hatching:Long-pec,ZDB-ANAT-011113-284,PATO:0000140,abnormal
ZDB-FISH-060608-90,Unknown,Unknown,GO:0016477,PATO:0000001,abnormal
ZDB-FISH-060608-90,Larval:Day 4,Larval:Day 4,ZDB-ANAT-010921-450,PATO:0000419,abnormal
ZDB-FISH-060608-91,Larval:Day 5,Larval:Day 5,ZDB-ANAT-010921-532,PATO:0000001,abnormal/absent
ZDB-FISH-060608-91,Unknown,Unknown,GO:0007632,PATO:0000001,abnormal
ZDB-FISH-060608-92,Larval:Day 5,Larval:Day 5,ZDB-ANAT-011113-308,PATO:0000468,abnormal
ZDB-FISH-060608-92,Unknown,Unknown,GO:0042060,PATO:0000001,abnormal
ZDB-FISH-060608-93,Unknown,Unknown,GO:0007420,PATO:0000001,abnormal
ZDB-FISH-060608-93,Larval:Protruding-mouth,Larval:Protruding-mouth,ZDB-ANAT-010921-415,PATO:0000060,abnormal
ZDB-FISH-060608-94,Unknown,Unknown,GO:0007632,PATO:0000001,abnormal
ZDB-FISH-060608-94,Larval:Day 5,Larval:Day 5,GO:0007632,PATO:0000001,abnormal/absent
ZDB-FISH-060608-95,Larval:Day 4,Larval:Day 4,ZDB-ANAT-060816-79,PATO:0001226,abnormal/absent
ZDB-FISH-060608-95,Unknown,Unknown,GO:0006955,PATO:0000001,abnormal
ZDB-FISH-060608-96,Larval:Day 5,Larval:Day 5,ZDB-ANAT-010921-532,PATO:0000141,abnormal
ZDB-FISH-060608-96,Unknown,Unknown,GO:0007632,PATO:0000001,abnormal
ZDB-FISH-060608-97,Larval:Day 5,Larval:Day 5,ZDB-ANAT-010921-532,PATO:0000141,abnormal
ZDB-FISH-060608-97,Unknown,Unknown,GO:0007632,PATO:0000001,abnormal
ZDB-FISH-060608-98,Larval:Day 5,Larval:Day 5,ZDB-ANAT-010921-532,PATO:0000141,abnormal
ZDB-FISH-060608-98,Unknown,Unknown,GO:0007632,PATO:0000001,abnormal
ZDB-FISH-060608-99,Larval:Day 4,Larval:Day 4,ZDB-ANAT-060816-79,PATO:0000060,abnormal
ZDB-FISH-060608-99,Unknown,Unknown,GO:0006955,PATO:0000001,abnormal
