ZDB-FISH-060608-1|Adult|behavior|GO:0007610|quality||
ZDB-FISH-060608-103|Adult|cranial skeleton|ZDB-ANAT-020309-117|pattern||
ZDB-FISH-060608-116|Adult|caudal fin|ZDB-ANAT-020702-16|thin||
ZDB-FISH-060608-123|Adult|cranial skeleton|ZDB-ANAT-020309-117|thin||
ZDB-FISH-060608-125|Adult|opercle|ZDB-ANAT-011113-181|thin||
ZDB-FISH-060608-126|Adult|cranial skeleton|ZDB-ANAT-020309-117|pattern||
ZDB-FISH-060608-131|Adult|fins|ZDB-ANAT-010921-533|shape||
ZDB-FISH-060608-135|Adult|branchiostegal rays|ZDB-ANAT-011113-400|malformed||
ZDB-FISH-060608-140|Adult|fins|ZDB-ANAT-010921-533|degenerate||
ZDB-FISH-060608-141|Adult|caudal fin|ZDB-ANAT-020702-16|structure||
ZDB-FISH-060608-146|Adult|scales|ZDB-ANAT-011113-207|malformed||
ZDB-FISH-060608-150|Adult|cranial skeleton|ZDB-ANAT-020309-117|pattern||
ZDB-FISH-060608-151|Adult|cranial skeleton|ZDB-ANAT-020309-117|pattern||
ZDB-FISH-060608-152|Adult|cranial skeleton|ZDB-ANAT-020309-117|shape||
ZDB-FISH-060608-153|Adult|cranial skeleton|ZDB-ANAT-020309-117|shape||
ZDB-FISH-060608-154|Adult|cranial skeleton|ZDB-ANAT-020309-117|small||
ZDB-FISH-060608-155|Adult|cranial skeleton|ZDB-ANAT-020309-117|shape||
ZDB-FISH-060608-156|Adult|cranial skeleton|ZDB-ANAT-020309-117|reduced||
ZDB-FISH-060608-157|Adult|cranial skeleton|ZDB-ANAT-020309-117|pattern||
ZDB-FISH-060608-158|Adult|cranial skeleton|ZDB-ANAT-020309-117|shape||
ZDB-FISH-060608-159|Adult|cranial skeleton|ZDB-ANAT-020309-117|pattern||
ZDB-FISH-060608-160|Adult|cranial skeleton|ZDB-ANAT-020309-117|pattern||
ZDB-FISH-060608-161|Adult|whole organism|ZDB-ANAT-050228-1|crooked||
ZDB-FISH-060608-179|Adult|fins|ZDB-ANAT-010921-533|large||
ZDB-FISH-060608-188|Adult|fins|ZDB-ANAT-010921-533|shrunken||
ZDB-FISH-060608-191|Adult|scales|ZDB-ANAT-011113-207|pattern||
ZDB-FISH-060608-2|Adult|behavior|GO:0007610|quality||
ZDB-FISH-060608-215|Adult|cranial skeleton|ZDB-ANAT-020309-117|size||
ZDB-FISH-060608-216|Adult|visual behavior|GO:0007632|quality||
ZDB-FISH-060608-217|Adult|testis|ZDB-ANAT-011113-526|supernumerary||
ZDB-FISH-060608-245|Adult|ceratobranchial 5 tooth|ZDB-ANAT-011113-79|malformed||
ZDB-FISH-060608-246|Adult|fins|ZDB-ANAT-010921-533|degenerate||
ZDB-FISH-060608-247|Adult|fins|ZDB-ANAT-010921-533|degenerate||
ZDB-FISH-060608-251|Adult|fins|ZDB-ANAT-010921-533|small||
ZDB-FISH-060608-252|Adult|pectoral fin|ZDB-ANAT-050304-1|small||
ZDB-FISH-060608-253|Adult|fins|ZDB-ANAT-010921-533|small||
ZDB-FISH-060608-254|Adult|fins|ZDB-ANAT-010921-533|small||
ZDB-FISH-060608-255|Adult|fins|ZDB-ANAT-010921-533|shape||
ZDB-FISH-060608-256|Adult|fins|ZDB-ANAT-010921-533|shape||
ZDB-FISH-060608-257|Adult|fin skeletal system|ZDB-ANAT-050228-36|shape|abnormal|
ZDB-FISH-060608-258|Adult|fins|ZDB-ANAT-010921-533|shape|abnormal|
ZDB-FISH-060608-261|Adult|caudal fin|ZDB-ANAT-020702-16|structure|abnormal|
ZDB-FISH-060608-262|Adult|caudal fin|ZDB-ANAT-020702-16|pattern|abnormal|
ZDB-FISH-060608-263|Adult|caudal fin|ZDB-ANAT-020702-16|pattern|abnormal|
ZDB-FISH-060608-264|Adult|caudal fin|ZDB-ANAT-020702-16|structure|abnormal|
ZDB-FISH-060608-265|Adult|caudal fin|ZDB-ANAT-020702-16|structure|abnormal|
ZDB-FISH-060608-266|Adult|fins|ZDB-ANAT-010921-533|shape|abnormal|
ZDB-FISH-060608-267|Adult|caudal fin|ZDB-ANAT-020702-16|structure|abnormal|
ZDB-FISH-060608-268|Adult|caudal fin|ZDB-ANAT-020702-16|structure|abnormal|
ZDB-FISH-060608-269|Adult|caudal fin|ZDB-ANAT-020702-16|structure|abnormal|
ZDB-FISH-060608-270|Adult|caudal fin|ZDB-ANAT-020702-16|shape|abnormal|
ZDB-FISH-060608-271|Adult|caudal fin|ZDB-ANAT-020702-16|pattern|abnormal|
ZDB-FISH-060608-272|Adult|caudal fin|ZDB-ANAT-020702-16|structure|abnormal|
ZDB-FISH-060608-273|Adult|caudal fin|ZDB-ANAT-020702-16|malformed|abnormal|
ZDB-FISH-060608-274|Adult|caudal fin|ZDB-ANAT-020702-16|pattern|abnormal|
ZDB-FISH-060608-281|Adult|scales|ZDB-ANAT-011113-207|number_decreased|abnormal|
ZDB-FISH-060608-283|Adult|cranial skeleton|ZDB-ANAT-020309-117|size|abnormal|
ZDB-FISH-060608-284|Adult|branchiostegal rays|ZDB-ANAT-011113-400|fused|abnormal|
ZDB-FISH-060608-285|Adult|branchiostegal rays|ZDB-ANAT-011113-400|fused|abnormal|
ZDB-FISH-060608-291|Adult|head|ZDB-ANAT-050228-28|short_length|abnormal|
ZDB-FISH-060608-3|Adult|behavior|GO:0007610|quality|abnormal|
ZDB-FISH-060608-301|Adult|whole organism|ZDB-ANAT-050228-1|crooked|abnormal|
ZDB-FISH-060608-313|Adult|iridophores|ZDB-ANAT-040708-1|reduced_color|abnormal|
ZDB-FISH-060608-317|Adult|ventral mandibular arch|ZDB-ANAT-050711-81|large|abnormal|
ZDB-FISH-060608-318|Adult|ventral mandibular arch|ZDB-ANAT-050711-81|large|abnormal|
ZDB-FISH-060608-32|Adult|caudal fin|ZDB-ANAT-020702-16|pattern|abnormal|
ZDB-FISH-060608-33|Adult|caudal fin|ZDB-ANAT-020702-16|pattern|abnormal|
ZDB-FISH-060608-34|Adult|caudal fin|ZDB-ANAT-020702-16|pattern|abnormal|
ZDB-FISH-060608-35|Adult|caudal fin|ZDB-ANAT-020702-16|pattern|abnormal|
ZDB-FISH-060608-36|Adult|caudal fin|ZDB-ANAT-020702-16|large|abnormal|
ZDB-FISH-060608-362|Adult|dorsal fin|ZDB-ANAT-050420-2|small|abnormal|
ZDB-FISH-060608-37|Adult|caudal fin|ZDB-ANAT-020702-16|pattern|abnormal|
ZDB-FISH-060608-372|Adult|ventral mandibular arch|ZDB-ANAT-050711-81|large|abnormal|
ZDB-FISH-060608-373|Adult|ventral mandibular arch|ZDB-ANAT-050711-81|large|abnormal|
ZDB-FISH-060608-374|Adult|ventral mandibular arch|ZDB-ANAT-050711-81|large|abnormal|
ZDB-FISH-060608-375|Adult|ventral mandibular arch|ZDB-ANAT-050711-81|large|abnormal|
ZDB-FISH-060608-376|Adult|ventral mandibular arch|ZDB-ANAT-050711-81|large|abnormal|
ZDB-FISH-060608-377|Adult|testis|ZDB-ANAT-011113-526|quality|abnormal/absent|
ZDB-FISH-060608-378|Adult|ovary|ZDB-ANAT-011113-328|supernumerary|abnormal|
ZDB-FISH-060608-38|Adult|growth|GO:0040007|quality|abnormal|
ZDB-FISH-060608-387|Adult|melanophores|ZDB-ANAT-040708-2|placement|abnormal|
ZDB-FISH-060608-396|Adult|ventral mandibular arch|ZDB-ANAT-050711-81|small|abnormal|
ZDB-FISH-060608-399|Adult|caudal fin|ZDB-ANAT-020702-16|structure|abnormal|
ZDB-FISH-060608-4|Adult|adult|ZDB-ANAT-050228-9|behavioral_activity|abnormal|
ZDB-FISH-060608-400|Adult|epidermis|ZDB-ANAT-010921-530|structure|abnormal|
ZDB-FISH-060608-401|Adult|fins|ZDB-ANAT-010921-533|quality|abnormal/absent|
ZDB-FISH-060608-417|Adult|nasal bones|ZDB-ANAT-011113-29|small|abnormal|
ZDB-FISH-060608-426|Adult|spermatocyte|ZDB-ANAT-060131-74|quality|abnormal/absent|
ZDB-FISH-060608-427|Adult|testis|ZDB-ANAT-011113-526|small|abnormal|
ZDB-FISH-060608-460|Adult|testis|ZDB-ANAT-011113-526|quality|abnormal/absent|
ZDB-FISH-060608-461|Adult|testis|ZDB-ANAT-011113-526|quality|abnormal/absent|
ZDB-FISH-060608-462|Adult|reproductive system|ZDB-ANAT-011113-56|quality|abnormal/absent|
ZDB-FISH-060608-463|Adult|testis|ZDB-ANAT-011113-526|quality|abnormal/absent|
ZDB-FISH-060608-464|Adult|testis|ZDB-ANAT-011113-526|quality|abnormal/absent|
ZDB-FISH-060608-465|Adult|testis|ZDB-ANAT-011113-526|quality|abnormal/absent|
ZDB-FISH-060608-466|Adult|testis|ZDB-ANAT-011113-526|quality|abnormal/absent|
ZDB-FISH-060608-467|Adult|testis|ZDB-ANAT-011113-526|quality|abnormal/absent|
ZDB-FISH-060608-473|Adult|fins|ZDB-ANAT-010921-533|small|abnormal|
ZDB-FISH-060608-475|Adult|ventral mandibular arch|ZDB-ANAT-050711-81|quality|abnormal/absent|
ZDB-FISH-060608-477|Adult|pectoral fin|ZDB-ANAT-050304-1|quality|abnormal/absent|
ZDB-FISH-060608-478|Adult|scales|ZDB-ANAT-011113-207|round|abnormal|
ZDB-FISH-060608-483|Adult|oogenesis|GO:0048477|quality|abnormal|
ZDB-FISH-060608-484|Adult|oogenesis|GO:0048477|quality|abnormal|
ZDB-FISH-060608-485|Adult|opercle|ZDB-ANAT-011113-181|thin|abnormal|
ZDB-FISH-060608-486|Adult|opercle|ZDB-ANAT-011113-181|small|abnormal|
ZDB-FISH-060608-487|Adult|opercle|ZDB-ANAT-011113-181|size|abnormal|
ZDB-FISH-060608-488|Adult|opercle|ZDB-ANAT-011113-181|thin|abnormal|
ZDB-FISH-060608-489|Adult|opercle|ZDB-ANAT-011113-181|thin|abnormal|
ZDB-FISH-060608-490|Adult|ovary|ZDB-ANAT-011113-328|underdeveloped|abnormal|
ZDB-FISH-060608-492|Adult|testis|ZDB-ANAT-011113-526|quality|abnormal/absent|
ZDB-FISH-060608-496|Adult|cranial skeleton|ZDB-ANAT-020309-117|shape|abnormal|
ZDB-FISH-060608-499|Adult|pectoral fin|ZDB-ANAT-050304-1|small|abnormal|
ZDB-FISH-060608-5|Adult|behavior|GO:0007610|quality|abnormal|
ZDB-FISH-060608-500|Adult|fins|ZDB-ANAT-010921-533|shape|abnormal|
ZDB-FISH-060608-501|Adult|pigment cells|ZDB-ANAT-010921-474|shape|abnormal|
ZDB-FISH-060608-502|Adult|caudal fin|ZDB-ANAT-020702-16|pattern|abnormal|
ZDB-FISH-060608-503|Adult|caudal fin|ZDB-ANAT-020702-16|pattern|abnormal|
ZDB-FISH-060608-504|Adult|caudal fin|ZDB-ANAT-020702-16|pattern|abnormal|
ZDB-FISH-060608-505|Adult|caudal fin|ZDB-ANAT-020702-16|irregular|abnormal|
ZDB-FISH-060608-506|Adult|caudal fin|ZDB-ANAT-020702-16|pattern|abnormal|
ZDB-FISH-060608-507|Adult|caudal fin|ZDB-ANAT-020702-16|pattern|abnormal|
ZDB-FISH-060608-508|Adult|caudal fin|ZDB-ANAT-020702-16|pattern|abnormal|
ZDB-FISH-060608-509|Adult|caudal fin|ZDB-ANAT-020702-16|pattern|abnormal|
ZDB-FISH-060608-515|Adult|caudal fin|ZDB-ANAT-020702-16|degenerate|abnormal|
ZDB-FISH-060608-517|Adult|iridophores|ZDB-ANAT-040708-1|low_density|abnormal|
ZDB-FISH-060608-518|Adult|scales|ZDB-ANAT-011113-207|round|abnormal|
ZDB-FISH-060608-519|Adult|scales|ZDB-ANAT-011113-207|round|abnormal|
ZDB-FISH-060608-520|Adult|scales|ZDB-ANAT-011113-207|round|abnormal|
ZDB-FISH-060608-521|Adult|scales|ZDB-ANAT-011113-207|size|abnormal|
ZDB-FISH-060608-522|Adult|scales|ZDB-ANAT-011113-207|size|abnormal|
ZDB-FISH-060608-523|Adult|scales|ZDB-ANAT-011113-207|shape|abnormal|
ZDB-FISH-060608-524|Adult|scales|ZDB-ANAT-011113-207|shape|abnormal|
ZDB-FISH-060608-525|Adult|scales|ZDB-ANAT-011113-207|shape|abnormal|
ZDB-FISH-060608-527|Adult|branchiostegal rays|ZDB-ANAT-011113-400|small|abnormal|
ZDB-FISH-060608-528|Adult|fins|ZDB-ANAT-010921-533|small|abnormal|
ZDB-FISH-060608-536|Adult|fins|ZDB-ANAT-010921-533|small|abnormal|
ZDB-FISH-060608-537|Adult|fins|ZDB-ANAT-010921-533|small|abnormal|
ZDB-FISH-060608-539|Adult|branchiostegal rays|ZDB-ANAT-011113-400|number_decreased|abnormal|
ZDB-FISH-060608-544|Adult|cranial skeleton|ZDB-ANAT-020309-117|shape|abnormal|
ZDB-FISH-060608-545|Adult|scales|ZDB-ANAT-011113-207|pattern|abnormal|
ZDB-FISH-060608-546|Adult|scales|ZDB-ANAT-011113-207|inverted|abnormal|
ZDB-FISH-060608-547|Adult|scales|ZDB-ANAT-011113-207|small|abnormal|
ZDB-FISH-060608-548|Adult|scales|ZDB-ANAT-011113-207|small|abnormal|
ZDB-FISH-060608-549|Adult|scales|ZDB-ANAT-011113-207|pattern|abnormal|
ZDB-FISH-060608-550|Adult|scales|ZDB-ANAT-011113-207|inverted|abnormal|
ZDB-FISH-060608-551|Adult|scales|ZDB-ANAT-011113-207|pattern|abnormal|
ZDB-FISH-060608-552|Adult|scales|ZDB-ANAT-011113-207|orientation|abnormal|
ZDB-FISH-060608-553|Adult|scales|ZDB-ANAT-011113-207|round|abnormal|
ZDB-FISH-060608-554|Adult|scales|ZDB-ANAT-011113-207|round|abnormal|
ZDB-FISH-060608-555|Adult|scales|ZDB-ANAT-011113-207|small|abnormal|
ZDB-FISH-060608-556|Adult|scales|ZDB-ANAT-011113-207|pattern|abnormal|
ZDB-FISH-060608-557|Adult|scales|ZDB-ANAT-011113-207|pattern|abnormal|
ZDB-FISH-060608-558|Adult|scales|ZDB-ANAT-011113-207|shape|abnormal|
ZDB-FISH-060608-559|Adult|scales|ZDB-ANAT-011113-207|malformed|abnormal|
ZDB-FISH-060608-560|Adult|scales|ZDB-ANAT-011113-207|malformed|abnormal|
ZDB-FISH-060608-561|Adult|scales|ZDB-ANAT-011113-207|malformed|abnormal|
ZDB-FISH-060608-562|Adult|scales|ZDB-ANAT-011113-207|inverted|abnormal|
ZDB-FISH-060608-563|Adult|scales|ZDB-ANAT-011113-207|round|abnormal|
ZDB-FISH-060608-564|Adult|scales|ZDB-ANAT-011113-207|round|abnormal|
ZDB-FISH-060608-565|Adult|scales|ZDB-ANAT-011113-207|shape|abnormal|
ZDB-FISH-060608-566|Adult|fins|ZDB-ANAT-010921-533|large|abnormal|
ZDB-FISH-060608-568|Adult|epidermis|ZDB-ANAT-010921-530|structure|abnormal|
ZDB-FISH-060608-570|Adult|epidermis|ZDB-ANAT-010921-530|structure|abnormal|
ZDB-FISH-060608-571|Adult|ovary|ZDB-ANAT-011113-328|supernumerary|abnormal|
ZDB-FISH-060608-573|Adult|branchiostegal rays|ZDB-ANAT-011113-400|malformed|abnormal|
ZDB-FISH-060608-574|Adult|whole organism|ZDB-ANAT-050228-1|short_length|abnormal|
ZDB-FISH-060608-575|Adult|whole organism|ZDB-ANAT-050228-1|short_length|abnormal|
ZDB-FISH-060608-577|Adult|whole organism|ZDB-ANAT-050228-1|small|abnormal|
ZDB-FISH-060608-578|Adult|caudal fin|ZDB-ANAT-020702-16|structure|abnormal|
ZDB-FISH-060608-583|Adult|scales|ZDB-ANAT-011113-207|shape|abnormal|
ZDB-FISH-060608-584|Adult|scales|ZDB-ANAT-011113-207|raised|abnormal|
ZDB-FISH-060608-585|Adult|cranial skeleton|ZDB-ANAT-020309-117|malformed|abnormal|
ZDB-FISH-060608-586|Adult|cranial skeleton|ZDB-ANAT-020309-117|small|abnormal|
ZDB-FISH-060608-587|Adult|cranial skeleton|ZDB-ANAT-020309-117|size|abnormal|
ZDB-FISH-060608-588|Adult|cranial skeleton|ZDB-ANAT-020309-117|size|abnormal|
ZDB-FISH-060608-589|Adult|cranial skeleton|ZDB-ANAT-020309-117|shape|abnormal|
ZDB-FISH-060608-590|Adult|cranial skeleton|ZDB-ANAT-020309-117|pattern|abnormal|
ZDB-FISH-060608-591|Adult|cranial skeleton|ZDB-ANAT-020309-117|shape|abnormal|
ZDB-FISH-060608-592|Adult|dorsal fin|ZDB-ANAT-050420-2|small|abnormal|
ZDB-FISH-060608-593|Adult|ventral mandibular arch|ZDB-ANAT-050711-81|malformed|abnormal|
ZDB-FISH-060608-594|Adult|caudal fin|ZDB-ANAT-020702-16|pattern|abnormal|
ZDB-FISH-060608-595|Adult|visual perception|GO:0007601|quality|abnormal/absent|
ZDB-FISH-060608-606|Adult|regenerating fin|ZDB-ANAT-050711-78|small|abnormal|
ZDB-FISH-060608-607|Adult|regenerating fin|ZDB-ANAT-050711-78|small|abnormal|
ZDB-FISH-060608-608|Adult|regenerating fin|ZDB-ANAT-050711-78|small|abnormal|
ZDB-FISH-060608-609|Adult|regenerating fin|ZDB-ANAT-050711-78|small|abnormal|
ZDB-FISH-060608-617|Adult|opercle|ZDB-ANAT-011113-181|small|abnormal|
ZDB-FISH-060608-62|Adult|scales|ZDB-ANAT-011113-207|pattern|abnormal|
ZDB-FISH-060608-630|Adult|whole organism|ZDB-ANAT-050228-1|crooked|abnormal|
ZDB-FISH-060608-634|Adult|epidermis|ZDB-ANAT-010921-530|structure|abnormal|
ZDB-FISH-060608-637|Adult|cranial skeleton|ZDB-ANAT-020309-117|asymmetrical|abnormal|
ZDB-FISH-060608-641|Adult|caudal fin|ZDB-ANAT-020702-16|pattern|abnormal|
ZDB-FISH-060608-642|Adult|teeth|ZDB-ANAT-011113-79|number_decreased|abnormal|
ZDB-FISH-060608-646|Adult|cranial skeleton|ZDB-ANAT-020309-117|size|abnormal|
ZDB-FISH-060608-647|Adult|cranial skeleton|ZDB-ANAT-020309-117|pattern|abnormal|
ZDB-FISH-060608-65|Adult|melanophores|ZDB-ANAT-040708-2|low_color|abnormal|
ZDB-FISH-060608-652|Adult|epidermis|ZDB-ANAT-010921-530|structure|abnormal|
ZDB-FISH-060608-70|Adult|caudal fin|ZDB-ANAT-020702-16|shape|abnormal|
ZDB-FISH-060608-76|Adult|ventral mandibular arch|ZDB-ANAT-050711-81|thin|abnormal|
ZDB-FISH-060608-122|Day 4|macrophages|ZDB-ANAT-010921-450|number_increased|abnormal|
ZDB-FISH-060608-129|Day 4|macrophages|ZDB-ANAT-010921-450|quality|abnormal/absent|
ZDB-FISH-060608-130|Day 4|macrophages|ZDB-ANAT-010921-450|number_decreased|abnormal|
ZDB-FISH-060608-134|Day 4|macrophages|ZDB-ANAT-010921-450|number|normal|
ZDB-FISH-060608-162|Day 4|macrophages|ZDB-ANAT-010921-450|number_increased|abnormal|
ZDB-FISH-060608-172|Day 4|macrophages|ZDB-ANAT-010921-450|number_increased|abnormal|
ZDB-FISH-060608-174|Day 4|macrophages|ZDB-ANAT-010921-450|irregular|abnormal|
ZDB-FISH-060608-175|Day 4|macrophages|ZDB-ANAT-010921-450|number_increased|abnormal|
ZDB-FISH-060608-195|Day 4|macrophages|ZDB-ANAT-010921-450|number_decreased|abnormal|
ZDB-FISH-060608-196|Day 4|macrophages|ZDB-ANAT-010921-450|number_increased|abnormal|
ZDB-FISH-060608-197|Day 4|macrophages|ZDB-ANAT-010921-450|number_decreased|abnormal|
ZDB-FISH-060608-198|Day 4|macrophages|ZDB-ANAT-010921-450|number_decreased|abnormal|
ZDB-FISH-060608-199|Day 4|macrophages|ZDB-ANAT-010921-450|quality|abnormal/absent|
ZDB-FISH-060608-200|Day 4|macrophages|ZDB-ANAT-010921-450|number_increased|abnormal|
ZDB-FISH-060608-201|Day 4|macrophages|ZDB-ANAT-010921-450|number|normal|
ZDB-FISH-060608-202|Day 4|macrophages|ZDB-ANAT-010921-450|number_decreased|abnormal|
ZDB-FISH-060608-203|Day 4|macrophages|ZDB-ANAT-010921-450|number_decreased|abnormal|
ZDB-FISH-060608-218|Day 4|macrophages|ZDB-ANAT-010921-450|number_decreased|abnormal|
ZDB-FISH-060608-219|Day 4|macrophages|ZDB-ANAT-010921-450|number_decreased|abnormal|
ZDB-FISH-060608-220|Day 4|macrophages|ZDB-ANAT-010921-450|number_decreased|abnormal|
ZDB-FISH-060608-221|Day 4|macrophages|ZDB-ANAT-010921-450|number_decreased|abnormal|
ZDB-FISH-060608-222|Day 4|macrophages|ZDB-ANAT-010921-450|number_decreased|abnormal|
ZDB-FISH-060608-223|Day 4|macrophages|ZDB-ANAT-010921-450|number_decreased|abnormal|
ZDB-FISH-060608-224|Day 4|macrophages|ZDB-ANAT-010921-450|number_decreased|abnormal|
ZDB-FISH-060608-225|Day 4|macrophages|ZDB-ANAT-010921-450|number_decreased|abnormal|
ZDB-FISH-060608-226|Day 4|macrophages|ZDB-ANAT-010921-450|number_decreased|abnormal|
ZDB-FISH-060608-227|Day 4|macrophages|ZDB-ANAT-010921-450|number_decreased|abnormal|
ZDB-FISH-060608-228|Day 4|macrophages|ZDB-ANAT-010921-450|number_decreased|abnormal|
ZDB-FISH-060608-229|Day 4|macrophages|ZDB-ANAT-010921-450|number_decreased|abnormal|
ZDB-FISH-060608-230|Day 4|macrophages|ZDB-ANAT-010921-450|number_decreased|abnormal|
ZDB-FISH-060608-231|Day 4|macrophages|ZDB-ANAT-010921-450|number_decreased|abnormal|
ZDB-FISH-060608-232|Day 4|macrophages|ZDB-ANAT-010921-450|number_decreased|abnormal|
ZDB-FISH-060608-233|Day 4|macrophages|ZDB-ANAT-010921-450|number_decreased|abnormal|
ZDB-FISH-060608-234|Day 4|macrophages|ZDB-ANAT-010921-450|number_decreased|abnormal|
ZDB-FISH-060608-235|Day 4|macrophages|ZDB-ANAT-010921-450|number_decreased|abnormal|
ZDB-FISH-060608-236|Day 4|macrophages|ZDB-ANAT-010921-450|number_decreased|abnormal|
ZDB-FISH-060608-237|Day 4|macrophages|ZDB-ANAT-010921-450|number_decreased|abnormal|
ZDB-FISH-060608-238|Day 4|macrophages|ZDB-ANAT-010921-450|number_decreased|abnormal|
ZDB-FISH-060608-239|Day 4|macrophages|ZDB-ANAT-010921-450|number_decreased|abnormal|
ZDB-FISH-060608-240|Day 4|macrophages|ZDB-ANAT-010921-450|number_decreased|abnormal|
ZDB-FISH-060608-241|Day 4|macrophages|ZDB-ANAT-010921-450|number_decreased|abnormal|
ZDB-FISH-060608-242|Day 4|macrophages|ZDB-ANAT-010921-450|number_decreased|abnormal|
ZDB-FISH-060608-243|Day 4|macrophages|ZDB-ANAT-010921-450|number_decreased|abnormal|
ZDB-FISH-060608-259|Day 4|neuromasts|ZDB-ANAT-011113-175|number_increased|abnormal|
ZDB-FISH-060608-260|Day 4|neuromasts|ZDB-ANAT-011113-175|number_increased|abnormal|
ZDB-FISH-060608-302|Day 4|neuromasts|ZDB-ANAT-011113-175|number_increased|abnormal|
ZDB-FISH-060608-303|Day 4|neuromasts|ZDB-ANAT-011113-175|number_increased|abnormal|
ZDB-FISH-060608-31|Day 4|macrophages|ZDB-ANAT-010921-450|necrotic|abnormal|
ZDB-FISH-060608-319|Day 4|macrophages|ZDB-ANAT-010921-450|number_decreased|abnormal|
ZDB-FISH-060608-320|Day 4|neuromasts|ZDB-ANAT-011113-175|number|normal|
ZDB-FISH-060608-380|Day 4|macrophages|ZDB-ANAT-010921-450|number_increased|abnormal|
ZDB-FISH-060608-381|Day 4|macrophages|ZDB-ANAT-010921-450|number_increased|abnormal|
ZDB-FISH-060608-382|Day 4|macrophages|ZDB-ANAT-010921-450|number_increased|abnormal|
ZDB-FISH-060608-385|Day 4|macrophages|ZDB-ANAT-010921-450|number_increased|abnormal|
ZDB-FISH-060608-386|Day 4|macrophages|ZDB-ANAT-010921-450|number_decreased|abnormal|
ZDB-FISH-060608-395|Day 4|macrophages|ZDB-ANAT-010921-450|number_decreased|abnormal|
ZDB-FISH-060608-402|Day 4|macrophages|ZDB-ANAT-010921-450|number_increased|abnormal|
ZDB-FISH-060608-403|Day 4|macrophages|ZDB-ANAT-010921-450|number_increased|abnormal|
ZDB-FISH-060608-404|Day 4|macrophages|ZDB-ANAT-010921-450|number_increased|abnormal|
ZDB-FISH-060608-405|Day 4|macrophages|ZDB-ANAT-010921-450|number_increased|abnormal|
ZDB-FISH-060608-406|Day 4|macrophages|ZDB-ANAT-010921-450|number_increased|abnormal|
ZDB-FISH-060608-407|Day 4|macrophages|ZDB-ANAT-010921-450|number_increased|abnormal|
ZDB-FISH-060608-408|Day 4|macrophages|ZDB-ANAT-010921-450|number_increased|abnormal|
ZDB-FISH-060608-409|Day 4|macrophages|ZDB-ANAT-010921-450|number_increased|abnormal|
ZDB-FISH-060608-410|Day 4|macrophages|ZDB-ANAT-010921-450|number_increased|abnormal|
ZDB-FISH-060608-411|Day 4|macrophages|ZDB-ANAT-010921-450|number_increased|abnormal|
ZDB-FISH-060608-412|Day 4|macrophages|ZDB-ANAT-010921-450|number_increased|abnormal|
ZDB-FISH-060608-416|Day 4|macrophages|ZDB-ANAT-010921-450|number_increased|abnormal|
ZDB-FISH-060608-418|Day 4|neuromasts|ZDB-ANAT-011113-175|quality|abnormal/absent|
ZDB-FISH-060608-42|Day 4|neuromasts|ZDB-ANAT-011113-175|number_decreased|abnormal|
ZDB-FISH-060608-428|Day 4|macrophages|ZDB-ANAT-010921-450|quality|abnormal/absent|
ZDB-FISH-060608-429|Day 4|macrophages|ZDB-ANAT-010921-450|quality|abnormal/absent|
ZDB-FISH-060608-43|Day 4|macrophages|ZDB-ANAT-010921-450|quality|abnormal/absent|
ZDB-FISH-060608-430|Day 4|neuromasts|ZDB-ANAT-011113-175|quality|abnormal/absent|
ZDB-FISH-060608-44|Day 4|macrophages|ZDB-ANAT-010921-450|number_increased|abnormal|
ZDB-FISH-060608-457|Day 4|neuromasts|ZDB-ANAT-011113-175|quality|abnormal/absent|
ZDB-FISH-060608-458|Day 4|neuromasts posterior|ZDB-ANAT-020309-302|quality|abnormal/absent|
ZDB-FISH-060608-459|Day 4|neuromasts posterior|ZDB-ANAT-020309-302|quality|abnormal/absent|
ZDB-FISH-060608-470|Day 4|macrophages|ZDB-ANAT-010921-450|number_increased|abnormal|
ZDB-FISH-060608-471|Day 4|macrophages|ZDB-ANAT-010921-450|number_decreased|abnormal|
ZDB-FISH-060608-472|Day 4|macrophages|ZDB-ANAT-010921-450|number_increased|abnormal|
ZDB-FISH-060608-476|Day 4|neuromasts|ZDB-ANAT-011113-175|number_decreased|abnormal|
ZDB-FISH-060608-480|Day 4|neuromasts|ZDB-ANAT-011113-175|number_decreased|abnormal|
ZDB-FISH-060608-482|Day 4|macrophages|ZDB-ANAT-010921-450|number_decreased|abnormal|
ZDB-FISH-060608-531|Day 4|neuromasts posterior|ZDB-ANAT-020309-302|number_decreased|abnormal|
ZDB-FISH-060608-532|Day 4|neuromasts|ZDB-ANAT-011113-175|number_decreased|abnormal|
ZDB-FISH-060608-533|Day 4|neuromasts|ZDB-ANAT-011113-175|number_decreased|abnormal|
ZDB-FISH-060608-57|Day 4|neuromasts|ZDB-ANAT-011113-175|quality|abnormal/absent|
ZDB-FISH-060608-58|Day 4|macrophages|ZDB-ANAT-010921-450|number_decreased|abnormal|
ZDB-FISH-060608-611|Day 4|macrophages|ZDB-ANAT-010921-450|number|normal|
ZDB-FISH-060608-612|Day 4|macrophages|ZDB-ANAT-010921-450|number_increased|abnormal|
ZDB-FISH-060608-613|Day 4|macrophages|ZDB-ANAT-010921-450|number_decreased|abnormal|
ZDB-FISH-060608-614|Day 4|macrophages|ZDB-ANAT-010921-450|number_decreased|abnormal|
ZDB-FISH-060608-619|Day 4|neuromasts|ZDB-ANAT-011113-175|number_decreased|abnormal|
ZDB-FISH-060608-620|Day 4|macrophages|ZDB-ANAT-010921-450|number_decreased|abnormal|
ZDB-FISH-060608-621|Day 4|macrophages|ZDB-ANAT-010921-450|number_decreased|abnormal|
ZDB-FISH-060608-635|Day 4|neuromasts|ZDB-ANAT-011113-175|number_increased|abnormal|
ZDB-FISH-060608-636|Day 4|neuromasts|ZDB-ANAT-011113-175|number_increased|abnormal|
ZDB-FISH-060608-638|Day 4|macrophages|ZDB-ANAT-010921-450|number_decreased|abnormal|
ZDB-FISH-060608-640|Day 4|macrophages|ZDB-ANAT-010921-450|quality|abnormal/absent|
ZDB-FISH-060608-648|Day 4|macrophages|ZDB-ANAT-010921-450|number_increased|abnormal|
ZDB-FISH-060608-69|Day 4|neuromasts|ZDB-ANAT-011113-175|number_decreased|abnormal|
ZDB-FISH-060608-90|Day 4|macrophages|ZDB-ANAT-010921-450|number_decreased|abnormal|
ZDB-FISH-060608-100|Day 5|eye|ZDB-ANAT-010921-532|structure|abnormal|
ZDB-FISH-060608-101|Day 5|lymphatic system|ZDB-ANAT-011113-308|decreased|abnormal|
ZDB-FISH-060608-102|Day 5|eye|ZDB-ANAT-010921-532|small|abnormal|
ZDB-FISH-060608-105|Day 5|lymphatic system|ZDB-ANAT-011113-308|decreased|abnormal|
ZDB-FISH-060608-106|Day 5|eye|ZDB-ANAT-010921-532|large|abnormal|
ZDB-FISH-060608-107|Day 5|lymphatic system|ZDB-ANAT-011113-308|decreased|abnormal|
ZDB-FISH-060608-109|Day 5|lens|ZDB-ANAT-010921-447|round|abnormal|
ZDB-FISH-060608-110|Day 5|lymphatic system|ZDB-ANAT-011113-308|decreased|abnormal|
ZDB-FISH-060608-111|Day 5|eye|ZDB-ANAT-010921-532|large|abnormal|
ZDB-FISH-060608-112|Day 5|eye|ZDB-ANAT-010921-532|large|abnormal|
ZDB-FISH-060608-113|Day 5|lymphatic system|ZDB-ANAT-011113-308|decreased|abnormal|
ZDB-FISH-060608-114|Day 5|ventral fin fold|ZDB-ANAT-020702-8|quality|abnormal/absent|
ZDB-FISH-060608-115|Day 5|lens|ZDB-ANAT-010921-447|structure|abnormal|
ZDB-FISH-060608-117|Day 5|lens|ZDB-ANAT-010921-447|structure|abnormal|
ZDB-FISH-060608-118|Day 5|lymphatic system|ZDB-ANAT-011113-308|decreased|abnormal|
ZDB-FISH-060608-120|Day 5|pectoral fin|ZDB-ANAT-050304-1|degenerate|abnormal|
ZDB-FISH-060608-124|Day 5|epidermis|ZDB-ANAT-010921-530|structure|abnormal|
ZDB-FISH-060608-128|Day 5|lens|ZDB-ANAT-010921-447|structure|abnormal|
ZDB-FISH-060608-142|Day 5|epidermis|ZDB-ANAT-010921-530|necrotic|abnormal|
ZDB-FISH-060608-143|Day 5|epidermis|ZDB-ANAT-010921-530|structure|abnormal|
ZDB-FISH-060608-144|Day 5|epidermis|ZDB-ANAT-010921-530|structure|abnormal|
ZDB-FISH-060608-147|Day 5|eye|ZDB-ANAT-010921-532|degenerate|abnormal|
ZDB-FISH-060608-163|Day 5|larva|ZDB-ANAT-011113-154|curled|abnormal|
ZDB-FISH-060608-164|Day 5|pigment cells|ZDB-ANAT-010921-474|color|abnormal/absent|
ZDB-FISH-060608-170|Day 5|eye|ZDB-ANAT-010921-532|structure|abnormal|
ZDB-FISH-060608-189|Day 5|epidermis|ZDB-ANAT-010921-530|structure|abnormal|
ZDB-FISH-060608-213|Day 5|epidermis|ZDB-ANAT-010921-530|structure|abnormal|
ZDB-FISH-060608-214|Day 5|epidermis|ZDB-ANAT-010921-530|structure|abnormal|
ZDB-FISH-060608-248|Day 5|caudal fin|ZDB-ANAT-020702-16|necrotic|abnormal|
ZDB-FISH-060608-249|Day 5|pectoral fin|ZDB-ANAT-050304-1|thick|abnormal|
ZDB-FISH-060608-250|Day 5|caudal fin|ZDB-ANAT-020702-16|necrotic|abnormal|
ZDB-FISH-060608-275|Day 5|gut|ZDB-ANAT-010921-537|structure|abnormal|
ZDB-FISH-060608-276|Day 5|gut|ZDB-ANAT-010921-537|structure|abnormal|
ZDB-FISH-060608-277|Day 5|gut|ZDB-ANAT-010921-537|structure|abnormal|
ZDB-FISH-060608-279|Day 5|gut|ZDB-ANAT-010921-537|structure|abnormal|
ZDB-FISH-060608-280|Day 5|gut|ZDB-ANAT-010921-537|structure|abnormal|
ZDB-FISH-060608-288|Day 5|gut|ZDB-ANAT-010921-537|structure|abnormal|
ZDB-FISH-060608-289|Day 5|gut|ZDB-ANAT-010921-537|structure|abnormal|
ZDB-FISH-060608-312|Day 5|gut|ZDB-ANAT-010921-537|structure|abnormal|
ZDB-FISH-060608-338|Day 5|gut|ZDB-ANAT-010921-537|structure|abnormal|
ZDB-FISH-060608-339|Day 5|gut|ZDB-ANAT-010921-537|structure|abnormal|
ZDB-FISH-060608-39|Day 5|epidermis|ZDB-ANAT-010921-530|structure|abnormal|
ZDB-FISH-060608-397|Day 5|epidermis|ZDB-ANAT-010921-530|structure|abnormal|
ZDB-FISH-060608-421|Day 5|visual behavior|GO:0007632|quality|abnormal/absent|
ZDB-FISH-060608-422|Day 5|visual behavior|GO:0007632|quality|abnormal/absent|
ZDB-FISH-060608-424|Day 5|head|ZDB-ANAT-050228-28|quality|abnormal/absent|
ZDB-FISH-060608-431|Day 5|visual behavior|GO:0007632|quality|abnormal/absent|
ZDB-FISH-060608-432|Day 5|visual behavior|GO:0007632|quality|abnormal/absent|
ZDB-FISH-060608-433|Day 5|visual behavior|GO:0007632|quality|abnormal/absent|
ZDB-FISH-060608-434|Day 5|visual behavior|GO:0007632|quality|abnormal/absent|
ZDB-FISH-060608-435|Day 5|visual behavior|GO:0007632|quality|abnormal/absent|
ZDB-FISH-060608-436|Day 5|visual behavior|GO:0007632|quality|abnormal/absent|
ZDB-FISH-060608-437|Day 5|visual behavior|GO:0007632|quality|abnormal/absent|
ZDB-FISH-060608-438|Day 5|visual behavior|GO:0007632|quality|abnormal/absent|
ZDB-FISH-060608-439|Day 5|visual behavior|GO:0007632|quality|abnormal/absent|
ZDB-FISH-060608-440|Day 5|visual behavior|GO:0007632|quality|abnormal/absent|
ZDB-FISH-060608-441|Day 5|visual behavior|GO:0007632|quality|abnormal/absent|
ZDB-FISH-060608-442|Day 5|visual behavior|GO:0007632|quality|abnormal/absent|
ZDB-FISH-060608-443|Day 5|visual behavior|GO:0007632|quality|abnormal/absent|
ZDB-FISH-060608-444|Day 5|visual behavior|GO:0007632|quality|abnormal/absent|
ZDB-FISH-060608-445|Day 5|visual behavior|GO:0007632|quality|abnormal/absent|
ZDB-FISH-060608-446|Day 5|visual behavior|GO:0007632|quality|abnormal/absent|
ZDB-FISH-060608-447|Day 5|visual behavior|GO:0007632|quality|abnormal/absent|
ZDB-FISH-060608-448|Day 5|visual behavior|GO:0007632|quality|abnormal/absent|
ZDB-FISH-060608-449|Day 5|visual behavior|GO:0007632|quality|abnormal/absent|
ZDB-FISH-060608-45|Day 5|eye|ZDB-ANAT-010921-532|quality|abnormal/absent|
ZDB-FISH-060608-450|Day 5|visual behavior|GO:0007632|quality|abnormal/absent|
ZDB-FISH-060608-451|Day 5|visual behavior|GO:0007632|quality|abnormal/absent|
ZDB-FISH-060608-452|Day 5|visual behavior|GO:0007632|quality|abnormal/absent|
ZDB-FISH-060608-453|Day 5|visual behavior|GO:0007632|quality|abnormal/absent|
ZDB-FISH-060608-454|Day 5|lymphatic system|ZDB-ANAT-011113-308|decreased|abnormal|
ZDB-FISH-060608-48|Day 5|eye|ZDB-ANAT-010921-532|structure|abnormal|
ZDB-FISH-060608-481|Day 5|eye|ZDB-ANAT-010921-532|structure|abnormal|
ZDB-FISH-060608-49|Day 5|eye|ZDB-ANAT-010921-532|large|abnormal|
ZDB-FISH-060608-498|Day 5|epidermis|ZDB-ANAT-010921-530|thick|abnormal|
ZDB-FISH-060608-50|Day 5|visual behavior|GO:0007632|quality|abnormal/absent|
ZDB-FISH-060608-51|Day 5|lymphatic system|ZDB-ANAT-011113-308|decreased|abnormal|
ZDB-FISH-060608-516|Day 5|median fin fold|ZDB-ANAT-010921-453|degenerate|abnormal|
ZDB-FISH-060608-53|Day 5|lens|ZDB-ANAT-010921-447|structure|abnormal|
ZDB-FISH-060608-54|Day 5|ventral fin fold|ZDB-ANAT-020702-8|quality|abnormal/absent|
ZDB-FISH-060608-540|Day 5|epidermis|ZDB-ANAT-010921-530|structure|abnormal|
ZDB-FISH-060608-55|Day 5|lymphatic system|ZDB-ANAT-011113-308|decreased|abnormal|
ZDB-FISH-060608-567|Day 5|lens|ZDB-ANAT-010921-447|structure|abnormal|
ZDB-FISH-060608-569|Day 5|epidermis|ZDB-ANAT-010921-530|structure|abnormal|
ZDB-FISH-060608-579|Day 5|epidermis|ZDB-ANAT-010921-530|structure|abnormal|
ZDB-FISH-060608-580|Day 5|epidermis|ZDB-ANAT-010921-530|structure|abnormal|
ZDB-FISH-060608-581|Day 5|epidermis|ZDB-ANAT-010921-530|structure|abnormal|
ZDB-FISH-060608-59|Day 5|visual behavior|GO:0007632|quality|abnormal/absent|
ZDB-FISH-060608-596|Day 5|gut|ZDB-ANAT-010921-537|structure|abnormal|
ZDB-FISH-060608-597|Day 5|gut|ZDB-ANAT-010921-537|structure|abnormal|
ZDB-FISH-060608-60|Day 5|visual behavior|GO:0007632|quality|abnormal/absent|
ZDB-FISH-060608-61|Day 5|visual behavior|GO:0007632|quality|abnormal/absent|
ZDB-FISH-060608-64|Day 5|eye|ZDB-ANAT-010921-532|quality|abnormal/absent|
ZDB-FISH-060608-645|Day 5|gut|ZDB-ANAT-010921-537|structure|abnormal|
ZDB-FISH-060608-649|Day 5|gut|ZDB-ANAT-010921-537|structure|abnormal|
ZDB-FISH-060608-655|Day 5|epidermis|ZDB-ANAT-010921-530|structure|abnormal|
ZDB-FISH-060608-66|Day 5|lymphatic system|ZDB-ANAT-011113-308|decreased|abnormal|
ZDB-FISH-060608-67|Day 5|fins|ZDB-ANAT-010921-533|degenerate|abnormal|
ZDB-FISH-060608-71|Day 5|lymphatic system|ZDB-ANAT-011113-308|decreased|abnormal|
ZDB-FISH-060608-72|Day 5|lymphatic system|ZDB-ANAT-011113-308|decreased|abnormal|
ZDB-FISH-060608-73|Day 5|lens|ZDB-ANAT-010921-447|malformed|abnormal|
ZDB-FISH-060608-74|Day 5|fins|ZDB-ANAT-010921-533|degenerate|abnormal|
ZDB-FISH-060608-77|Day 5|visual behavior|GO:0007632|quality|abnormal/absent|
ZDB-FISH-060608-78|Day 5|lymphatic system|ZDB-ANAT-011113-308|decreased|abnormal|
ZDB-FISH-060608-79|Day 5|eye|ZDB-ANAT-010921-532|structure|abnormal|
ZDB-FISH-060608-8|Day 5|visual behavior|GO:0007632|quality|abnormal/absent|
ZDB-FISH-060608-80|Day 5|lymphatic system|ZDB-ANAT-011113-308|decreased|abnormal|
ZDB-FISH-060608-81|Day 5|epidermis|ZDB-ANAT-010921-530|structure|abnormal|
ZDB-FISH-060608-82|Day 5|lymphatic system|ZDB-ANAT-011113-308|decreased|abnormal|
ZDB-FISH-060608-83|Day 5|lymphatic system|ZDB-ANAT-011113-308|decreased|abnormal|
ZDB-FISH-060608-84|Day 5|visual behavior|GO:0007632|quality|abnormal/absent|
ZDB-FISH-060608-85|Day 5|visual behavior|GO:0007632|quality|abnormal/absent|
ZDB-FISH-060608-88|Day 5|lymphatic system|ZDB-ANAT-011113-308|decreased|abnormal|
ZDB-FISH-060608-89|Day 5|epidermis|ZDB-ANAT-010921-530|structure|abnormal|
ZDB-FISH-060608-91|Day 5|eye|ZDB-ANAT-010921-532|quality|abnormal/absent|
ZDB-FISH-060608-92|Day 5|lymphatic system|ZDB-ANAT-011113-308|decreased|abnormal|
ZDB-FISH-060608-94|Day 5|visual behavior|GO:0007632|quality|abnormal/absent|
ZDB-FISH-060608-96|Day 5|eye|ZDB-ANAT-010921-532|structure|abnormal|
ZDB-FISH-060608-97|Day 5|eye|ZDB-ANAT-010921-532|structure|abnormal|
ZDB-FISH-060608-98|Day 5|eye|ZDB-ANAT-010921-532|structure|abnormal|
ZDB-FISH-060608-145|High-pec|epidermis|ZDB-ANAT-010921-530|structure|abnormal|
ZDB-FISH-060608-165|High-pec|fins|ZDB-ANAT-010921-533|small|abnormal|
ZDB-FISH-060608-173|High-pec|epidermis|ZDB-ANAT-010921-530|structure|abnormal|
ZDB-FISH-060608-190|High-pec|epidermis|ZDB-ANAT-010921-530|structure|abnormal|
ZDB-FISH-060608-287|High-pec|epidermis|ZDB-ANAT-010921-530|structure|abnormal|
ZDB-FISH-060608-541|High-pec|epidermis|ZDB-ANAT-010921-530|structure|abnormal|
ZDB-FISH-060608-542|High-pec|epidermis|ZDB-ANAT-010921-530|structure|abnormal|
ZDB-FISH-060608-543|High-pec|epidermis|ZDB-ANAT-010921-530|structure|abnormal|
ZDB-FISH-060608-582|High-pec|epidermis|ZDB-ANAT-010921-530|structure|abnormal|
ZDB-FISH-060608-654|High-pec|epidermis|ZDB-ANAT-010921-530|structure|abnormal|
ZDB-FISH-060608-656|High-pec|epidermis|ZDB-ANAT-010921-530|structure|abnormal|
ZDB-FISH-060608-10|Long-pec|heart tube|ZDB-ANAT-011113-284|placement|abnormal|
ZDB-FISH-060608-11|Long-pec|heart tube|ZDB-ANAT-011113-284|placement|abnormal|
ZDB-FISH-060608-12|Long-pec|heart tube|ZDB-ANAT-011113-284|placement|abnormal|
ZDB-FISH-060608-121|Long-pec|heart tube|ZDB-ANAT-011113-284|placement|abnormal|
ZDB-FISH-060608-13|Long-pec|heart tube|ZDB-ANAT-011113-284|placement|abnormal|
ZDB-FISH-060608-133|Long-pec|heart tube|ZDB-ANAT-011113-284|placement|abnormal|
ZDB-FISH-060608-137|Long-pec|heart tube|ZDB-ANAT-011113-284|placement|abnormal|
ZDB-FISH-060608-138|Long-pec|heart tube|ZDB-ANAT-011113-284|placement|abnormal|
ZDB-FISH-060608-139|Long-pec|heart tube|ZDB-ANAT-011113-284|placement|abnormal|
ZDB-FISH-060608-14|Long-pec|heart tube|ZDB-ANAT-011113-284|placement|abnormal|
ZDB-FISH-060608-149|Long-pec|pancreas|ZDB-ANAT-010921-570|disoriented|abnormal|
ZDB-FISH-060608-15|Long-pec|heart tube|ZDB-ANAT-011113-284|placement|abnormal|
ZDB-FISH-060608-16|Long-pec|heart tube|ZDB-ANAT-011113-284|placement|abnormal|
ZDB-FISH-060608-17|Long-pec|heart tube|ZDB-ANAT-011113-284|placement|abnormal|
ZDB-FISH-060608-18|Long-pec|heart tube|ZDB-ANAT-011113-284|placement|abnormal|
ZDB-FISH-060608-19|Long-pec|heart tube|ZDB-ANAT-011113-284|placement|abnormal|
ZDB-FISH-060608-20|Long-pec|heart tube|ZDB-ANAT-011113-284|placement|abnormal|
ZDB-FISH-060608-21|Long-pec|heart tube|ZDB-ANAT-011113-284|placement|abnormal|
ZDB-FISH-060608-210|Long-pec|heart tube|ZDB-ANAT-011113-284|placement|abnormal|
ZDB-FISH-060608-211|Long-pec|pancreas|ZDB-ANAT-010921-570|large|abnormal|
ZDB-FISH-060608-212|Long-pec|telencephalon|ZDB-ANAT-010921-498|large|abnormal|
ZDB-FISH-060608-22|Long-pec|heart tube|ZDB-ANAT-011113-284|placement|abnormal|
ZDB-FISH-060608-23|Long-pec|heart tube|ZDB-ANAT-011113-284|placement|abnormal|
ZDB-FISH-060608-24|Long-pec|heart tube|ZDB-ANAT-011113-284|placement|abnormal|
ZDB-FISH-060608-25|Long-pec|heart tube|ZDB-ANAT-011113-284|placement|abnormal|
ZDB-FISH-060608-26|Long-pec|heart tube|ZDB-ANAT-011113-284|placement|abnormal|
ZDB-FISH-060608-27|Long-pec|heart tube|ZDB-ANAT-011113-284|placement|abnormal|
ZDB-FISH-060608-28|Long-pec|heart tube|ZDB-ANAT-011113-284|placement|abnormal|
ZDB-FISH-060608-29|Long-pec|heart tube|ZDB-ANAT-011113-284|placement|abnormal|
ZDB-FISH-060608-30|Long-pec|heart tube|ZDB-ANAT-011113-284|placement|abnormal|
ZDB-FISH-060608-310|Long-pec|tectum|ZDB-ANAT-011113-37|large|abnormal|
ZDB-FISH-060608-314|Long-pec|pancreas|ZDB-ANAT-010921-570|structure|abnormal|
ZDB-FISH-060608-41|Long-pec|heart tube|ZDB-ANAT-011113-284|placement|abnormal|
ZDB-FISH-060608-495|Long-pec|pancreas|ZDB-ANAT-010921-570|orientation|abnormal|
ZDB-FISH-060608-529|Long-pec|endocrine pancreas|ZDB-ANAT-050711-7|small|abnormal|
ZDB-FISH-060608-530|Long-pec|endocrine pancreas|ZDB-ANAT-050711-7|small|abnormal|
ZDB-FISH-060608-622|Long-pec|pancreas|ZDB-ANAT-010921-570|structure|abnormal|
ZDB-FISH-060608-623|Long-pec|heart tube|ZDB-ANAT-011113-284|placement|abnormal|
ZDB-FISH-060608-624|Long-pec|heart tube|ZDB-ANAT-011113-284|placement|abnormal|
ZDB-FISH-060608-625|Long-pec|heart tube|ZDB-ANAT-011113-284|placement|abnormal|
ZDB-FISH-060608-626|Long-pec|heart tube|ZDB-ANAT-011113-284|placement|abnormal|
ZDB-FISH-060608-627|Long-pec|heart tube|ZDB-ANAT-011113-284|placement|abnormal|
ZDB-FISH-060608-629|Long-pec|heart tube|ZDB-ANAT-011113-284|placement|abnormal|
ZDB-FISH-060608-631|Long-pec|pancreas|ZDB-ANAT-010921-570|structure|abnormal|
ZDB-FISH-060608-9|Long-pec|heart tube|ZDB-ANAT-011113-284|placement|abnormal|
ZDB-FISH-060608-148|Prim-5|heart tube|ZDB-ANAT-011113-284|shape|abnormal|
ZDB-FISH-060608-176|Prim-5|heart tube|ZDB-ANAT-011113-284|shape|abnormal|
ZDB-FISH-060608-178|Prim-5|heart tube|ZDB-ANAT-011113-284|shape|abnormal|
ZDB-FISH-060608-205|Prim-5|heart tube|ZDB-ANAT-011113-284|shape|abnormal|
ZDB-FISH-060608-206|Prim-5|heart tube|ZDB-ANAT-011113-284|shape|abnormal|
ZDB-FISH-060608-207|Prim-5|heart tube|ZDB-ANAT-011113-284|shape|abnormal|
ZDB-FISH-060608-208|Prim-5|heart tube|ZDB-ANAT-011113-284|shape|abnormal|
ZDB-FISH-060608-209|Prim-5|heart tube|ZDB-ANAT-011113-284|shape|abnormal|
ZDB-FISH-060608-290|Prim-5|heart tube|ZDB-ANAT-011113-284|shape|abnormal|
ZDB-FISH-060608-304|Prim-5|heart tube|ZDB-ANAT-011113-284|shape|abnormal|
ZDB-FISH-060608-305|Prim-5|gut|ZDB-ANAT-010921-537|structure|abnormal|
ZDB-FISH-060608-510|Prim-5|heart tube|ZDB-ANAT-011113-284|shape|abnormal|
ZDB-FISH-060608-511|Prim-5|heart tube|ZDB-ANAT-011113-284|shape|abnormal|
ZDB-FISH-060608-602|Prim-5|heart tube|ZDB-ANAT-011113-284|shape|abnormal|
ZDB-FISH-060608-610|Prim-5|heart tube|ZDB-ANAT-011113-284|shape|abnormal|
ZDB-FISH-060608-632|Prim-5|heart tube|ZDB-ANAT-011113-284|shape|abnormal|
ZDB-FISH-060608-132|Protruding-mouth|brain|ZDB-ANAT-010921-415|asymmetrical|abnormal|
ZDB-FISH-060608-177|Protruding-mouth|brain|ZDB-ANAT-010921-415|pattern|abnormal|
ZDB-FISH-060608-182|Protruding-mouth|diencephalon|ZDB-ANAT-010921-524|pattern|abnormal|
ZDB-FISH-060608-183|Protruding-mouth|diencephalon|ZDB-ANAT-010921-524|pattern|abnormal|
ZDB-FISH-060608-184|Protruding-mouth|diencephalon|ZDB-ANAT-010921-524|pattern|abnormal|
ZDB-FISH-060608-244|Protruding-mouth|musculature system|ZDB-ANAT-011113-469|reduced|abnormal|
ZDB-FISH-060608-286|Protruding-mouth|musculature system|ZDB-ANAT-011113-469|fused|abnormal|
ZDB-FISH-060608-292|Protruding-mouth|musculature system|ZDB-ANAT-011113-469|structure|abnormal/absent|
ZDB-FISH-060608-293|Protruding-mouth|musculature system|ZDB-ANAT-011113-469|structure|abnormal/absent|
ZDB-FISH-060608-294|Protruding-mouth|musculature system|ZDB-ANAT-011113-469|structure|abnormal/absent|
ZDB-FISH-060608-295|Protruding-mouth|musculature system|ZDB-ANAT-011113-469|reduced|abnormal|
ZDB-FISH-060608-296|Protruding-mouth|musculature system|ZDB-ANAT-011113-469|structure|abnormal/absent|
ZDB-FISH-060608-297|Protruding-mouth|musculature system|ZDB-ANAT-011113-469|reduced|abnormal|
ZDB-FISH-060608-298|Protruding-mouth|musculature system|ZDB-ANAT-011113-469|structure|abnormal|
ZDB-FISH-060608-299|Protruding-mouth|musculature system|ZDB-ANAT-011113-469|structure|abnormal|
ZDB-FISH-060608-306|Protruding-mouth|musculature system|ZDB-ANAT-011113-469|structure|abnormal/absent|
ZDB-FISH-060608-307|Protruding-mouth|musculature system|ZDB-ANAT-011113-469|reduced|abnormal|
ZDB-FISH-060608-415|Protruding-mouth|musculature system|ZDB-ANAT-011113-469|fused|abnormal|
ZDB-FISH-060608-468|Protruding-mouth|diencephalon|ZDB-ANAT-010921-524|pattern|abnormal|
ZDB-FISH-060608-469|Protruding-mouth|diencephalon|ZDB-ANAT-010921-524|pattern|abnormal|
ZDB-FISH-060608-572|Protruding-mouth|musculature system|ZDB-ANAT-011113-469|reduced|abnormal|
ZDB-FISH-060608-628|Protruding-mouth|musculature system|ZDB-ANAT-011113-469|structure|abnormal|
ZDB-FISH-060608-643|Protruding-mouth|musculature system|ZDB-ANAT-011113-469|structure|abnormal/absent|
ZDB-FISH-060608-653|Protruding-mouth|musculature system|ZDB-ANAT-011113-469|structure|abnormal|
ZDB-FISH-060608-1|unknown|drug resistance|GO:0009315|quality|abnormal|
ZDB-FISH-060608-10|unknown|heart development|GO:0007507|quality|abnormal|
ZDB-FISH-060608-100|unknown|visual behavior|GO:0007632|quality|abnormal|
ZDB-FISH-060608-101|unknown|wound healing|GO:0042060|quality|abnormal|
ZDB-FISH-060608-102|unknown|visual behavior|GO:0007632|quality|abnormal|
ZDB-FISH-060608-104|unknown|immune response|GO:0006955|quality|abnormal|
ZDB-FISH-060608-105|unknown|wound healing|GO:0042060|quality|abnormal|
ZDB-FISH-060608-106|unknown|visual behavior|GO:0007632|quality|abnormal|
ZDB-FISH-060608-107|unknown|wound healing|GO:0042060|quality|abnormal|
ZDB-FISH-060608-108|unknown|immune response|GO:0006955|quality|abnormal|
ZDB-FISH-060608-109|unknown|visual behavior|GO:0007632|quality|abnormal|
ZDB-FISH-060608-11|unknown|heart development|GO:0007507|quality|abnormal|
ZDB-FISH-060608-110|unknown|wound healing|GO:0042060|quality|abnormal|
ZDB-FISH-060608-111|unknown|visual behavior|GO:0007632|quality|abnormal|
ZDB-FISH-060608-112|unknown|visual behavior|GO:0007632|quality|abnormal|
ZDB-FISH-060608-113|unknown|wound healing|GO:0042060|quality|abnormal|
ZDB-FISH-060608-114|unknown|wound healing|GO:0042060|quality|abnormal|
ZDB-FISH-060608-115|unknown|visual behavior|GO:0007632|quality|abnormal|
ZDB-FISH-060608-117|unknown|visual behavior|GO:0007632|quality|abnormal|
ZDB-FISH-060608-118|unknown|wound healing|GO:0042060|quality|abnormal|
ZDB-FISH-060608-12|unknown|heart development|GO:0007507|quality|abnormal|
ZDB-FISH-060608-120|unknown|wound healing|GO:0042060|quality|abnormal|
ZDB-FISH-060608-121|unknown|heart development|GO:0007507|quality|abnormal|
ZDB-FISH-060608-122|unknown|cell migration|GO:0016477|quality|abnormal|
ZDB-FISH-060608-127|unknown|brain development|GO:0007420|quality|abnormal|
ZDB-FISH-060608-128|unknown|visual behavior|GO:0007632|quality|abnormal|
ZDB-FISH-060608-129|unknown|cell migration|GO:0016477|quality|abnormal|
ZDB-FISH-060608-13|unknown|heart development|GO:0007507|quality|abnormal|
ZDB-FISH-060608-130|unknown|cell migration|GO:0016477|quality|abnormal|
ZDB-FISH-060608-132|unknown|brain development|GO:0007420|quality|abnormal|
ZDB-FISH-060608-133|unknown|heart development|GO:0007507|quality|abnormal|
ZDB-FISH-060608-134|unknown|cell migration|GO:0016477|quality|abnormal|
ZDB-FISH-060608-137|unknown|heart development|GO:0007507|quality|abnormal|
ZDB-FISH-060608-138|unknown|heart development|GO:0007507|quality|abnormal|
ZDB-FISH-060608-139|unknown|heart development|GO:0007507|quality|abnormal|
ZDB-FISH-060608-14|unknown|heart development|GO:0007507|quality|abnormal|
ZDB-FISH-060608-141|unknown|growth|GO:0040007|quality|abnormal|
ZDB-FISH-060608-144|unknown|wound healing|GO:0042060|quality|abnormal|
ZDB-FISH-060608-147|unknown|visual behavior|GO:0007632|quality|abnormal|
ZDB-FISH-060608-148|unknown|heart development|GO:0007507|quality|abnormal|
ZDB-FISH-060608-149|unknown|insulin processing|GO:0030070|quality|abnormal|
ZDB-FISH-060608-15|unknown|heart development|GO:0007507|quality|abnormal|
ZDB-FISH-060608-16|unknown|heart development|GO:0007507|quality|abnormal|
ZDB-FISH-060608-162|unknown|cell migration|GO:0016477|quality|abnormal|
ZDB-FISH-060608-166|unknown|muscle cell differentiation|GO:0042692|quality|abnormal|
ZDB-FISH-060608-167|unknown|muscle cell differentiation|GO:0042692|quality|abnormal|
ZDB-FISH-060608-168|unknown|muscle cell differentiation|GO:0042692|quality|abnormal|
ZDB-FISH-060608-169|unknown|muscle cell differentiation|GO:0042692|quality|abnormal|
ZDB-FISH-060608-17|unknown|heart development|GO:0007507|quality|abnormal|
ZDB-FISH-060608-170|unknown|visual behavior|GO:0007632|quality|abnormal|
ZDB-FISH-060608-171|unknown|astrocyte activation|GO:0048143|quality|abnormal|
ZDB-FISH-060608-172|unknown|cell migration|GO:0016477|quality|abnormal|
ZDB-FISH-060608-174|unknown|cell migration|GO:0016477|quality|abnormal|
ZDB-FISH-060608-175|unknown|cell migration|GO:0016477|quality|abnormal|
ZDB-FISH-060608-176|unknown|heart development|GO:0007507|quality|abnormal|
ZDB-FISH-060608-177|unknown|brain development|GO:0007420|quality|abnormal|
ZDB-FISH-060608-178|unknown|heart development|GO:0007507|quality|abnormal|
ZDB-FISH-060608-18|unknown|heart development|GO:0007507|quality|abnormal|
ZDB-FISH-060608-180|unknown|dopamine metabolism|GO:0042417|quality|abnormal|
ZDB-FISH-060608-181|unknown|dopamine metabolism|GO:0042417|quality|abnormal|
ZDB-FISH-060608-182|unknown|dopamine metabolism|GO:0042417|quality|abnormal|
ZDB-FISH-060608-183|unknown|dopamine metabolism|GO:0042417|quality|abnormal|
ZDB-FISH-060608-184|unknown|dopamine metabolism|GO:0042417|quality|abnormal|
ZDB-FISH-060608-185|unknown|dopamine metabolism|GO:0042417|quality|abnormal|
ZDB-FISH-060608-186|unknown|dopamine metabolism|GO:0042417|quality|abnormal|
ZDB-FISH-060608-187|unknown|dopamine metabolism|GO:0042417|quality|abnormal|
ZDB-FISH-060608-189|unknown|wound healing|GO:0042060|quality|abnormal|
ZDB-FISH-060608-19|unknown|heart development|GO:0007507|quality|abnormal|
ZDB-FISH-060608-192|unknown|brain development|GO:0007420|quality|abnormal|
ZDB-FISH-060608-193|unknown|insulin processing|GO:0030070|quality|abnormal|
ZDB-FISH-060608-194|unknown|insulin processing|GO:0030070|quality|abnormal|
ZDB-FISH-060608-195|unknown|cell migration|GO:0016477|quality|abnormal|
ZDB-FISH-060608-196|unknown|cell migration|GO:0016477|quality|abnormal|
ZDB-FISH-060608-197|unknown|cell migration|GO:0016477|quality|abnormal|
ZDB-FISH-060608-198|unknown|cell migration|GO:0016477|quality|abnormal|
ZDB-FISH-060608-199|unknown|cell migration|GO:0016477|quality|abnormal|
ZDB-FISH-060608-2|unknown|drug resistance|GO:0009315|quality|abnormal|
ZDB-FISH-060608-20|unknown|heart development|GO:0007507|quality|abnormal|
ZDB-FISH-060608-200|unknown|cell migration|GO:0016477|quality|abnormal|
ZDB-FISH-060608-201|unknown|cell migration|GO:0016477|quality|abnormal|
ZDB-FISH-060608-202|unknown|cell migration|GO:0016477|quality|abnormal|
ZDB-FISH-060608-203|unknown|cell migration|GO:0016477|quality|abnormal|
ZDB-FISH-060608-204|unknown|insulin processing|GO:0030070|quality|abnormal|
ZDB-FISH-060608-205|unknown|heart development|GO:0007507|quality|abnormal|
ZDB-FISH-060608-206|unknown|heart development|GO:0007507|quality|abnormal|
ZDB-FISH-060608-207|unknown|heart development|GO:0007507|quality|abnormal|
ZDB-FISH-060608-208|unknown|heart development|GO:0007507|quality|abnormal|
ZDB-FISH-060608-209|unknown|heart development|GO:0007507|quality|abnormal|
ZDB-FISH-060608-21|unknown|heart development|GO:0007507|quality|abnormal|
ZDB-FISH-060608-210|unknown|heart development|GO:0007507|quality|abnormal|
ZDB-FISH-060608-211|unknown|insulin processing|GO:0030070|quality|abnormal|
ZDB-FISH-060608-216|unknown|visual behavior|GO:0007632|quality|abnormal|
ZDB-FISH-060608-218|unknown|cell migration|GO:0016477|quality|abnormal|
ZDB-FISH-060608-219|unknown|cell migration|GO:0016477|quality|abnormal|
ZDB-FISH-060608-22|unknown|heart development|GO:0007507|quality|abnormal|
ZDB-FISH-060608-220|unknown|cell migration|GO:0016477|quality|abnormal|
ZDB-FISH-060608-221|unknown|cell migration|GO:0016477|quality|abnormal|
ZDB-FISH-060608-222|unknown|cell migration|GO:0016477|quality|abnormal|
ZDB-FISH-060608-223|unknown|cell migration|GO:0016477|quality|abnormal|
ZDB-FISH-060608-224|unknown|cell migration|GO:0016477|quality|abnormal|
ZDB-FISH-060608-225|unknown|cell migration|GO:0016477|quality|abnormal|
ZDB-FISH-060608-226|unknown|cell migration|GO:0016477|quality|abnormal|
ZDB-FISH-060608-227|unknown|cell migration|GO:0016477|quality|abnormal|
ZDB-FISH-060608-228|unknown|cell migration|GO:0016477|quality|abnormal|
ZDB-FISH-060608-229|unknown|cell migration|GO:0016477|quality|abnormal|
ZDB-FISH-060608-23|unknown|heart development|GO:0007507|quality|abnormal|
ZDB-FISH-060608-230|unknown|cell migration|GO:0016477|quality|abnormal|
ZDB-FISH-060608-231|unknown|cell migration|GO:0016477|quality|abnormal|
ZDB-FISH-060608-232|unknown|cell migration|GO:0016477|quality|abnormal|
ZDB-FISH-060608-233|unknown|cell migration|GO:0016477|quality|abnormal|
ZDB-FISH-060608-234|unknown|cell migration|GO:0016477|quality|abnormal|
ZDB-FISH-060608-235|unknown|cell migration|GO:0016477|quality|abnormal|
ZDB-FISH-060608-236|unknown|cell migration|GO:0016477|quality|abnormal|
ZDB-FISH-060608-237|unknown|cell migration|GO:0016477|quality|abnormal|
ZDB-FISH-060608-238|unknown|cell migration|GO:0016477|quality|abnormal|
ZDB-FISH-060608-239|unknown|cell migration|GO:0016477|quality|abnormal|
ZDB-FISH-060608-24|unknown|heart development|GO:0007507|quality|abnormal|
ZDB-FISH-060608-240|unknown|cell migration|GO:0016477|quality|abnormal|
ZDB-FISH-060608-241|unknown|cell migration|GO:0016477|quality|abnormal|
ZDB-FISH-060608-242|unknown|cell migration|GO:0016477|quality|abnormal|
ZDB-FISH-060608-243|unknown|cell migration|GO:0016477|quality|abnormal|
ZDB-FISH-060608-244|unknown|muscle cell differentiation|GO:0042692|quality|abnormal|
ZDB-FISH-060608-25|unknown|heart development|GO:0007507|quality|abnormal|
ZDB-FISH-060608-259|unknown|regulation of cell migration|GO:0030334|quality|abnormal|
ZDB-FISH-060608-26|unknown|heart development|GO:0007507|quality|abnormal|
ZDB-FISH-060608-260|unknown|regulation of cell migration|GO:0030334|quality|abnormal|
ZDB-FISH-060608-261|unknown|growth|GO:0040007|quality|abnormal|
ZDB-FISH-060608-262|unknown|growth|GO:0040007|quality|abnormal|
ZDB-FISH-060608-263|unknown|growth|GO:0040007|quality|abnormal|
ZDB-FISH-060608-264|unknown|growth|GO:0040007|quality|abnormal|
ZDB-FISH-060608-265|unknown|growth|GO:0040007|quality|abnormal|
ZDB-FISH-060608-266|unknown|growth|GO:0040007|quality|abnormal|
ZDB-FISH-060608-267|unknown|growth|GO:0040007|quality|abnormal|
ZDB-FISH-060608-268|unknown|growth|GO:0040007|quality|abnormal|
ZDB-FISH-060608-269|unknown|growth|GO:0040007|quality|abnormal|
ZDB-FISH-060608-27|unknown|heart development|GO:0007507|quality|abnormal|
ZDB-FISH-060608-270|unknown|growth|GO:0040007|quality|abnormal|
ZDB-FISH-060608-271|unknown|growth|GO:0040007|quality|abnormal|
ZDB-FISH-060608-272|unknown|growth|GO:0040007|quality|abnormal|
ZDB-FISH-060608-273|unknown|growth|GO:0040007|quality|abnormal|
ZDB-FISH-060608-274|unknown|growth|GO:0040007|quality|abnormal|
ZDB-FISH-060608-275|unknown|heart development|GO:0007507|quality|abnormal|
ZDB-FISH-060608-276|unknown|heart development|GO:0007507|quality|abnormal|
ZDB-FISH-060608-277|unknown|heart development|GO:0007507|quality|abnormal|
ZDB-FISH-060608-278|unknown|regulation of circadian rhythm|GO:0042752|quality|abnormal|
ZDB-FISH-060608-279|unknown|heart development|GO:0007507|quality|abnormal|
ZDB-FISH-060608-28|unknown|heart development|GO:0007507|quality|abnormal|
ZDB-FISH-060608-280|unknown|heart development|GO:0007507|quality|abnormal|
ZDB-FISH-060608-282|unknown|muscle cell differentiation|GO:0042692|quality|abnormal|
ZDB-FISH-060608-286|unknown|muscle cell differentiation|GO:0042692|quality|abnormal|
ZDB-FISH-060608-288|unknown|heart development|GO:0007507|quality|abnormal|
ZDB-FISH-060608-289|unknown|heart development|GO:0007507|quality|abnormal|
ZDB-FISH-060608-29|unknown|heart development|GO:0007507|quality|abnormal|
ZDB-FISH-060608-290|unknown|heart development|GO:0007507|quality|abnormal|
ZDB-FISH-060608-292|unknown|muscle cell differentiation|GO:0042692|quality|abnormal|
ZDB-FISH-060608-293|unknown|muscle cell differentiation|GO:0042692|quality|abnormal|
ZDB-FISH-060608-294|unknown|muscle cell differentiation|GO:0042692|quality|abnormal|
ZDB-FISH-060608-295|unknown|muscle cell differentiation|GO:0042692|quality|abnormal|
ZDB-FISH-060608-296|unknown|muscle cell differentiation|GO:0042692|quality|abnormal|
ZDB-FISH-060608-297|unknown|muscle cell differentiation|GO:0042692|quality|abnormal|
ZDB-FISH-060608-298|unknown|muscle cell differentiation|GO:0042692|quality|abnormal|
ZDB-FISH-060608-299|unknown|muscle cell differentiation|GO:0042692|quality|abnormal|
ZDB-FISH-060608-3|unknown|drug resistance|GO:0009315|quality|abnormal|
ZDB-FISH-060608-30|unknown|heart development|GO:0007507|quality|abnormal|
ZDB-FISH-060608-302|unknown|regulation of cell migration|GO:0030334|quality|abnormal|
ZDB-FISH-060608-303|unknown|regulation of cell migration|GO:0030334|quality|abnormal|
ZDB-FISH-060608-304|unknown|heart development|GO:0007507|quality|abnormal|
ZDB-FISH-060608-305|unknown|heart development|GO:0007507|quality|abnormal|
ZDB-FISH-060608-306|unknown|muscle cell differentiation|GO:0042692|quality|abnormal|
ZDB-FISH-060608-307|unknown|muscle cell differentiation|GO:0042692|quality|abnormal|
ZDB-FISH-060608-308|unknown|insulin processing|GO:0030070|quality|abnormal|
ZDB-FISH-060608-309|unknown|dopamine metabolism|GO:0042417|quality|abnormal|
ZDB-FISH-060608-31|unknown|cell migration|GO:0016477|quality|abnormal|
ZDB-FISH-060608-311|unknown|insulin processing|GO:0030070|quality|abnormal|
ZDB-FISH-060608-312|unknown|heart development|GO:0007507|quality|abnormal|
ZDB-FISH-060608-314|unknown|insulin processing|GO:0030070|quality|abnormal|
ZDB-FISH-060608-315|unknown|brain development|GO:0007420|quality|abnormal|
ZDB-FISH-060608-316|unknown|brain development|GO:0007420|quality|abnormal|
ZDB-FISH-060608-319|unknown|cell migration|GO:0016477|quality|abnormal|
ZDB-FISH-060608-32|unknown|growth|GO:0040007|quality|abnormal|
ZDB-FISH-060608-320|unknown|regulation of cell migration|GO:0030334|quality|abnormal|
ZDB-FISH-060608-321|unknown|regulation of circadian rhythm|GO:0042752|quality|abnormal|
ZDB-FISH-060608-322|unknown|regulation of circadian rhythm|GO:0042752|quality|abnormal|
ZDB-FISH-060608-323|unknown|regulation of circadian rhythm|GO:0042752|quality|abnormal|
ZDB-FISH-060608-324|unknown|regulation of circadian rhythm|GO:0042752|quality|abnormal|
ZDB-FISH-060608-325|unknown|regulation of circadian rhythm|GO:0042752|quality|abnormal|
ZDB-FISH-060608-326|unknown|regulation of circadian rhythm|GO:0042752|quality|abnormal|
ZDB-FISH-060608-327|unknown|regulation of circadian rhythm|GO:0042752|quality|abnormal|
ZDB-FISH-060608-328|unknown|regulation of circadian rhythm|GO:0042752|quality|abnormal|
ZDB-FISH-060608-329|unknown|regulation of circadian rhythm|GO:0042752|quality|abnormal|
ZDB-FISH-060608-33|unknown|growth|GO:0040007|quality|abnormal|
ZDB-FISH-060608-330|unknown|regulation of circadian rhythm|GO:0042752|quality|abnormal|
ZDB-FISH-060608-331|unknown|regulation of circadian rhythm|GO:0042752|quality|abnormal|
ZDB-FISH-060608-332|unknown|regulation of circadian rhythm|GO:0042752|quality|abnormal|
ZDB-FISH-060608-333|unknown|regulation of circadian rhythm|GO:0042752|quality|abnormal|
ZDB-FISH-060608-334|unknown|regulation of circadian rhythm|GO:0042752|quality|abnormal|
ZDB-FISH-060608-335|unknown|regulation of circadian rhythm|GO:0042752|quality|abnormal|
ZDB-FISH-060608-336|unknown|regulation of circadian rhythm|GO:0042752|quality|abnormal|
ZDB-FISH-060608-337|unknown|regulation of circadian rhythm|GO:0042752|quality|abnormal|
ZDB-FISH-060608-338|unknown|heart development|GO:0007507|quality|abnormal|
ZDB-FISH-060608-339|unknown|heart development|GO:0007507|quality|abnormal|
ZDB-FISH-060608-34|unknown|growth|GO:0040007|quality|abnormal|
ZDB-FISH-060608-340|unknown|regulation of circadian rhythm|GO:0042752|quality|abnormal|
ZDB-FISH-060608-341|unknown|regulation of circadian rhythm|GO:0042752|quality|abnormal|
ZDB-FISH-060608-342|unknown|regulation of circadian rhythm|GO:0042752|quality|abnormal|
ZDB-FISH-060608-343|unknown|regulation of circadian rhythm|GO:0042752|quality|abnormal|
ZDB-FISH-060608-344|unknown|regulation of circadian rhythm|GO:0042752|quality|abnormal|
ZDB-FISH-060608-345|unknown|regulation of circadian rhythm|GO:0042752|quality|abnormal|
ZDB-FISH-060608-346|unknown|regulation of circadian rhythm|GO:0042752|quality|abnormal|
ZDB-FISH-060608-347|unknown|regulation of circadian rhythm|GO:0042752|quality|abnormal|
ZDB-FISH-060608-348|unknown|regulation of circadian rhythm|GO:0042752|quality|abnormal|
ZDB-FISH-060608-349|unknown|regulation of circadian rhythm|GO:0042752|quality|abnormal|
ZDB-FISH-060608-35|unknown|growth|GO:0040007|quality|abnormal|
ZDB-FISH-060608-350|unknown|regulation of circadian rhythm|GO:0042752|quality|abnormal|
ZDB-FISH-060608-351|unknown|regulation of circadian rhythm|GO:0042752|quality|abnormal|
ZDB-FISH-060608-352|unknown|regulation of circadian rhythm|GO:0042752|quality|abnormal|
ZDB-FISH-060608-353|unknown|regulation of circadian rhythm|GO:0042752|quality|abnormal|
ZDB-FISH-060608-354|unknown|regulation of circadian rhythm|GO:0042752|quality|abnormal|
ZDB-FISH-060608-355|unknown|regulation of circadian rhythm|GO:0042752|quality|abnormal|
ZDB-FISH-060608-356|unknown|regulation of circadian rhythm|GO:0042752|quality|abnormal|
ZDB-FISH-060608-357|unknown|regulation of circadian rhythm|GO:0042752|quality|abnormal|
ZDB-FISH-060608-358|unknown|regulation of circadian rhythm|GO:0042752|quality|abnormal|
ZDB-FISH-060608-359|unknown|regulation of circadian rhythm|GO:0042752|quality|abnormal|
ZDB-FISH-060608-36|unknown|growth|GO:0040007|quality|abnormal|
ZDB-FISH-060608-360|unknown|regulation of circadian rhythm|GO:0042752|quality|abnormal|
ZDB-FISH-060608-361|unknown|regulation of circadian rhythm|GO:0042752|quality|abnormal|
ZDB-FISH-060608-364|unknown|brain development|GO:0007420|quality|abnormal|
ZDB-FISH-060608-365|unknown|brain development|GO:0007420|quality|abnormal|
ZDB-FISH-060608-366|unknown|brain development|GO:0007420|quality|abnormal|
ZDB-FISH-060608-367|unknown|brain development|GO:0007420|quality|abnormal|
ZDB-FISH-060608-368|unknown|brain development|GO:0007420|quality|abnormal|
ZDB-FISH-060608-369|unknown|brain development|GO:0007420|quality|abnormal|
ZDB-FISH-060608-37|unknown|growth|GO:0040007|quality|abnormal|
ZDB-FISH-060608-370|unknown|brain development|GO:0007420|quality|abnormal|
ZDB-FISH-060608-371|unknown|brain development|GO:0007420|quality|abnormal|
ZDB-FISH-060608-380|unknown|cell migration|GO:0016477|quality|abnormal|
ZDB-FISH-060608-381|unknown|cell migration|GO:0016477|quality|abnormal|
ZDB-FISH-060608-382|unknown|cell migration|GO:0016477|quality|abnormal|
ZDB-FISH-060608-383|unknown|immune response|GO:0006955|quality|abnormal|
ZDB-FISH-060608-384|unknown|immune response|GO:0006955|quality|abnormal|
ZDB-FISH-060608-385|unknown|cell migration|GO:0016477|quality|abnormal|
ZDB-FISH-060608-386|unknown|cell migration|GO:0016477|quality|abnormal|
ZDB-FISH-060608-392|unknown|regulation of circadian rhythm|GO:0042752|quality|abnormal|
ZDB-FISH-060608-393|unknown|regulation of circadian rhythm|GO:0042752|quality|abnormal|
ZDB-FISH-060608-394|unknown|regulation of circadian rhythm|GO:0042752|quality|abnormal|
ZDB-FISH-060608-395|unknown|cell migration|GO:0016477|quality|abnormal|
ZDB-FISH-060608-398|unknown|wound healing|GO:0042060|quality|abnormal|
ZDB-FISH-060608-399|unknown|growth|GO:0040007|quality|abnormal|
ZDB-FISH-060608-4|unknown|drug resistance|GO:0009315|quality|abnormal|
ZDB-FISH-060608-402|unknown|cell migration|GO:0016477|quality|abnormal|
ZDB-FISH-060608-403|unknown|cell migration|GO:0016477|quality|abnormal|
ZDB-FISH-060608-404|unknown|cell migration|GO:0016477|quality|abnormal|
ZDB-FISH-060608-405|unknown|cell migration|GO:0016477|quality|abnormal|
ZDB-FISH-060608-406|unknown|cell migration|GO:0016477|quality|abnormal|
ZDB-FISH-060608-407|unknown|cell migration|GO:0016477|quality|abnormal|
ZDB-FISH-060608-408|unknown|cell migration|GO:0016477|quality|abnormal|
ZDB-FISH-060608-409|unknown|cell migration|GO:0016477|quality|abnormal|
ZDB-FISH-060608-41|unknown|heart development|GO:0007507|quality|abnormal|
ZDB-FISH-060608-410|unknown|cell migration|GO:0016477|quality|abnormal|
ZDB-FISH-060608-411|unknown|cell migration|GO:0016477|quality|abnormal|
ZDB-FISH-060608-412|unknown|cell migration|GO:0016477|quality|abnormal|
ZDB-FISH-060608-413|unknown|muscle cell differentiation|GO:0042692|quality|abnormal|
ZDB-FISH-060608-414|unknown|muscle cell differentiation|GO:0042692|quality|abnormal|
ZDB-FISH-060608-415|unknown|muscle cell differentiation|GO:0042692|quality|abnormal|
ZDB-FISH-060608-416|unknown|cell migration|GO:0016477|quality|abnormal|
ZDB-FISH-060608-418|unknown|regulation of cell migration|GO:0030334|quality|abnormal|
ZDB-FISH-060608-42|unknown|regulation of cell migration|GO:0030334|quality|abnormal|
ZDB-FISH-060608-420|unknown|brain development|GO:0007420|quality|abnormal|
ZDB-FISH-060608-421|unknown|visual behavior|GO:0007632|quality|abnormal|
ZDB-FISH-060608-422|unknown|visual behavior|GO:0007632|quality|abnormal|
ZDB-FISH-060608-423|unknown|regulation of circadian rhythm|GO:0042752|quality|abnormal|
ZDB-FISH-060608-424|unknown|regulation of circadian rhythm|GO:0042752|quality|abnormal|
ZDB-FISH-060608-425|unknown|brain development|GO:0007420|quality|abnormal|
ZDB-FISH-060608-428|unknown|cell migration|GO:0016477|quality|abnormal|
ZDB-FISH-060608-429|unknown|cell migration|GO:0016477|quality|abnormal|
ZDB-FISH-060608-43|unknown|cell migration|GO:0016477|quality|abnormal|
ZDB-FISH-060608-430|unknown|regulation of cell migration|GO:0030334|quality|abnormal|
ZDB-FISH-060608-431|unknown|visual behavior|GO:0007632|quality|abnormal|
ZDB-FISH-060608-432|unknown|visual behavior|GO:0007632|quality|abnormal|
ZDB-FISH-060608-433|unknown|visual behavior|GO:0007632|quality|abnormal|
ZDB-FISH-060608-434|unknown|visual behavior|GO:0007632|quality|abnormal|
ZDB-FISH-060608-435|unknown|visual behavior|GO:0007632|quality|abnormal|
ZDB-FISH-060608-436|unknown|visual behavior|GO:0007632|quality|abnormal|
ZDB-FISH-060608-437|unknown|visual behavior|GO:0007632|quality|abnormal|
ZDB-FISH-060608-438|unknown|visual behavior|GO:0007632|quality|abnormal|
ZDB-FISH-060608-439|unknown|visual behavior|GO:0007632|quality|abnormal|
ZDB-FISH-060608-44|unknown|cell migration|GO:0016477|quality|abnormal|
ZDB-FISH-060608-440|unknown|visual behavior|GO:0007632|quality|abnormal|
ZDB-FISH-060608-441|unknown|visual behavior|GO:0007632|quality|abnormal|
ZDB-FISH-060608-442|unknown|visual behavior|GO:0007632|quality|abnormal|
ZDB-FISH-060608-443|unknown|visual behavior|GO:0007632|quality|abnormal|
ZDB-FISH-060608-444|unknown|visual behavior|GO:0007632|quality|abnormal|
ZDB-FISH-060608-445|unknown|visual behavior|GO:0007632|quality|abnormal|
ZDB-FISH-060608-446|unknown|visual behavior|GO:0007632|quality|abnormal|
ZDB-FISH-060608-447|unknown|visual behavior|GO:0007632|quality|abnormal|
ZDB-FISH-060608-448|unknown|visual behavior|GO:0007632|quality|abnormal|
ZDB-FISH-060608-449|unknown|visual behavior|GO:0007632|quality|abnormal|
ZDB-FISH-060608-45|unknown|visual behavior|GO:0007632|quality|abnormal|
ZDB-FISH-060608-450|unknown|visual behavior|GO:0007632|quality|abnormal|
ZDB-FISH-060608-451|unknown|visual behavior|GO:0007632|quality|abnormal|
ZDB-FISH-060608-452|unknown|visual behavior|GO:0007632|quality|abnormal|
ZDB-FISH-060608-453|unknown|visual behavior|GO:0007632|quality|abnormal|
ZDB-FISH-060608-454|unknown|wound healing|GO:0042060|quality|abnormal|
ZDB-FISH-060608-455|unknown|muscle cell differentiation|GO:0042692|quality|abnormal|
ZDB-FISH-060608-456|unknown|brain development|GO:0007420|quality|abnormal|
ZDB-FISH-060608-457|unknown|regulation of cell migration|GO:0030334|quality|abnormal|
ZDB-FISH-060608-458|unknown|regulation of cell migration|GO:0030334|quality|abnormal|
ZDB-FISH-060608-459|unknown|regulation of cell migration|GO:0030334|quality|abnormal|
ZDB-FISH-060608-46|unknown|brain development|GO:0007420|quality|abnormal|
ZDB-FISH-060608-468|unknown|dopamine metabolism|GO:0042417|quality|abnormal|
ZDB-FISH-060608-469|unknown|dopamine metabolism|GO:0042417|quality|abnormal|
ZDB-FISH-060608-47|unknown|brain development|GO:0007420|quality|abnormal|
ZDB-FISH-060608-470|unknown|cell migration|GO:0016477|quality|abnormal|
ZDB-FISH-060608-471|unknown|cell migration|GO:0016477|quality|abnormal|
ZDB-FISH-060608-472|unknown|cell migration|GO:0016477|quality|abnormal|
ZDB-FISH-060608-474|unknown|muscle cell differentiation|GO:0042692|quality|abnormal|
ZDB-FISH-060608-476|unknown|regulation of cell migration|GO:0030334|quality|abnormal|
ZDB-FISH-060608-48|unknown|visual behavior|GO:0007632|quality|abnormal|
ZDB-FISH-060608-480|unknown|regulation of cell migration|GO:0030334|quality|abnormal|
ZDB-FISH-060608-481|unknown|visual behavior|GO:0007632|quality|abnormal|
ZDB-FISH-060608-482|unknown|cell migration|GO:0016477|quality|abnormal|
ZDB-FISH-060608-49|unknown|virion penetration|GO:0019063|quality|abnormal|
ZDB-FISH-060608-495|unknown|insulin processing|GO:0030070|quality|abnormal|
ZDB-FISH-060608-497|unknown|muscle cell differentiation|GO:0042692|quality|abnormal|
ZDB-FISH-060608-5|unknown|drug resistance|GO:0009315|quality|abnormal|
ZDB-FISH-060608-50|unknown|visual behavior|GO:0007632|quality|abnormal|
ZDB-FISH-060608-501|unknown|growth|GO:0040007|quality|abnormal|
ZDB-FISH-060608-502|unknown|growth|GO:0040007|quality|abnormal|
ZDB-FISH-060608-503|unknown|growth|GO:0040007|quality|abnormal|
ZDB-FISH-060608-504|unknown|growth|GO:0040007|quality|abnormal|
ZDB-FISH-060608-505|unknown|growth|GO:0040007|quality|abnormal|
ZDB-FISH-060608-506|unknown|growth|GO:0040007|quality|abnormal|
ZDB-FISH-060608-507|unknown|growth|GO:0040007|quality|abnormal|
ZDB-FISH-060608-508|unknown|growth|GO:0040007|quality|abnormal|
ZDB-FISH-060608-509|unknown|growth|GO:0040007|quality|abnormal|
ZDB-FISH-060608-51|unknown|wound healing|GO:0042060|quality|abnormal|
ZDB-FISH-060608-510|unknown|heart development|GO:0007507|quality|abnormal|
ZDB-FISH-060608-511|unknown|heart development|GO:0007507|quality|abnormal|
ZDB-FISH-060608-512|unknown|brain development|GO:0007420|quality|abnormal|
ZDB-FISH-060608-513|unknown|brain development|GO:0007420|quality|abnormal|
ZDB-FISH-060608-514|unknown|brain development|GO:0007420|quality|abnormal|
ZDB-FISH-060608-516|unknown|wound healing|GO:0042060|quality|abnormal|
ZDB-FISH-060608-52|unknown|immune response|GO:0006955|quality|abnormal|
ZDB-FISH-060608-529|unknown|insulin processing|GO:0030070|quality|abnormal|
ZDB-FISH-060608-53|unknown|visual behavior|GO:0007632|quality|abnormal|
ZDB-FISH-060608-530|unknown|insulin processing|GO:0030070|quality|abnormal|
ZDB-FISH-060608-531|unknown|regulation of cell migration|GO:0030334|quality|abnormal|
ZDB-FISH-060608-532|unknown|regulation of cell migration|GO:0030334|quality|abnormal|
ZDB-FISH-060608-533|unknown|regulation of cell migration|GO:0030334|quality|abnormal|
ZDB-FISH-060608-534|unknown|brain development|GO:0007420|quality|abnormal|
ZDB-FISH-060608-535|unknown|brain development|GO:0007420|quality|abnormal|
ZDB-FISH-060608-538|unknown|astrocyte activation|GO:0048143|quality|abnormal|
ZDB-FISH-060608-54|unknown|wound healing|GO:0042060|quality|abnormal|
ZDB-FISH-060608-55|unknown|wound healing|GO:0042060|quality|abnormal|
ZDB-FISH-060608-56|unknown|immune response|GO:0006955|quality|abnormal|
ZDB-FISH-060608-567|unknown|visual behavior|GO:0007632|quality|abnormal|
ZDB-FISH-060608-57|unknown|regulation of cell migration|GO:0030334|quality|abnormal|
ZDB-FISH-060608-572|unknown|muscle cell differentiation|GO:0042692|quality|abnormal|
ZDB-FISH-060608-578|unknown|growth|GO:0040007|quality|abnormal|
ZDB-FISH-060608-58|unknown|cell migration|GO:0016477|quality|abnormal|
ZDB-FISH-060608-59|unknown|visual behavior|GO:0007632|quality|abnormal|
ZDB-FISH-060608-594|unknown|growth|GO:0040007|quality|abnormal|
ZDB-FISH-060608-596|unknown|heart development|GO:0007507|quality|abnormal|
ZDB-FISH-060608-597|unknown|heart development|GO:0007507|quality|abnormal|
ZDB-FISH-060608-598|unknown|regulation of circadian rhythm|GO:0042752|quality|abnormal|
ZDB-FISH-060608-599|unknown|regulation of circadian rhythm|GO:0042752|quality|abnormal|
ZDB-FISH-060608-60|unknown|visual behavior|GO:0007632|quality|abnormal|
ZDB-FISH-060608-600|unknown|regulation of circadian rhythm|GO:0042752|quality|abnormal|
ZDB-FISH-060608-601|unknown|regulation of circadian rhythm|GO:0042752|quality|abnormal|
ZDB-FISH-060608-602|unknown|heart development|GO:0007507|quality|abnormal|
ZDB-FISH-060608-603|unknown|regulation of circadian rhythm|GO:0042752|quality|abnormal|
ZDB-FISH-060608-604|unknown|regulation of circadian rhythm|GO:0042752|quality|abnormal|
ZDB-FISH-060608-605|unknown|regulation of circadian rhythm|GO:0042752|quality|abnormal|
ZDB-FISH-060608-606|unknown|growth|GO:0040007|quality|abnormal|
ZDB-FISH-060608-607|unknown|growth|GO:0040007|quality|abnormal|
ZDB-FISH-060608-608|unknown|growth|GO:0040007|quality|abnormal|
ZDB-FISH-060608-609|unknown|growth|GO:0040007|quality|abnormal|
ZDB-FISH-060608-61|unknown|visual behavior|GO:0007632|quality|abnormal|
ZDB-FISH-060608-610|unknown|heart development|GO:0007507|quality|abnormal|
ZDB-FISH-060608-611|unknown|cell migration|GO:0016477|quality|abnormal|
ZDB-FISH-060608-612|unknown|cell migration|GO:0016477|quality|abnormal|
ZDB-FISH-060608-613|unknown|cell migration|GO:0016477|quality|abnormal|
ZDB-FISH-060608-614|unknown|cell migration|GO:0016477|quality|abnormal|
ZDB-FISH-060608-616|unknown|regulation of circadian rhythm|GO:0042752|quality|abnormal|
ZDB-FISH-060608-618|unknown|astrocyte activation|GO:0048143|quality|abnormal|
ZDB-FISH-060608-619|unknown|regulation of cell migration|GO:0030334|quality|abnormal|
ZDB-FISH-060608-620|unknown|cell migration|GO:0016477|quality|abnormal|
ZDB-FISH-060608-621|unknown|cell migration|GO:0016477|quality|abnormal|
ZDB-FISH-060608-622|unknown|insulin processing|GO:0030070|quality|abnormal|
ZDB-FISH-060608-623|unknown|heart development|GO:0007507|quality|abnormal|
ZDB-FISH-060608-624|unknown|heart development|GO:0007507|quality|abnormal|
ZDB-FISH-060608-625|unknown|heart development|GO:0007507|quality|abnormal|
ZDB-FISH-060608-626|unknown|heart development|GO:0007507|quality|abnormal|
ZDB-FISH-060608-627|unknown|heart development|GO:0007507|quality|abnormal|
ZDB-FISH-060608-628|unknown|muscle cell differentiation|GO:0042692|quality|abnormal|
ZDB-FISH-060608-629|unknown|heart development|GO:0007507|quality|abnormal|
ZDB-FISH-060608-63|unknown|brain development|GO:0007420|quality|abnormal|
ZDB-FISH-060608-631|unknown|insulin processing|GO:0030070|quality|abnormal|
ZDB-FISH-060608-632|unknown|heart development|GO:0007507|quality|abnormal|
ZDB-FISH-060608-633|unknown|muscle cell differentiation|GO:0042692|quality|abnormal|
ZDB-FISH-060608-635|unknown|regulation of cell migration|GO:0030334|quality|abnormal|
ZDB-FISH-060608-636|unknown|regulation of cell migration|GO:0030334|quality|abnormal|
ZDB-FISH-060608-638|unknown|cell migration|GO:0016477|quality|abnormal|
ZDB-FISH-060608-64|unknown|visual behavior|GO:0007632|quality|abnormal|
ZDB-FISH-060608-640|unknown|cell migration|GO:0016477|quality|abnormal|
ZDB-FISH-060608-641|unknown|growth|GO:0040007|quality|abnormal|
ZDB-FISH-060608-643|unknown|muscle cell differentiation|GO:0042692|quality|abnormal|
ZDB-FISH-060608-644|unknown|muscle cell differentiation|GO:0042692|quality|abnormal|
ZDB-FISH-060608-645|unknown|heart development|GO:0007507|quality|abnormal|
ZDB-FISH-060608-648|unknown|cell migration|GO:0016477|quality|abnormal|
ZDB-FISH-060608-649|unknown|heart development|GO:0007507|quality|abnormal|
ZDB-FISH-060608-650|unknown|muscle cell differentiation|GO:0042692|quality|abnormal|
ZDB-FISH-060608-651|unknown|regulation of circadian rhythm|GO:0042752|quality|abnormal|
ZDB-FISH-060608-653|unknown|muscle cell differentiation|GO:0042692|quality|abnormal|
ZDB-FISH-060608-66|unknown|wound healing|GO:0042060|quality|abnormal|
ZDB-FISH-060608-67|unknown|wound healing|GO:0042060|quality|abnormal|
ZDB-FISH-060608-68|unknown|regulation of circadian rhythm|GO:0042752|quality|abnormal|
ZDB-FISH-060608-69|unknown|regulation of cell migration|GO:0030334|quality|abnormal|
ZDB-FISH-060608-70|unknown|growth|GO:0040007|quality|abnormal|
ZDB-FISH-060608-71|unknown|wound healing|GO:0042060|quality|abnormal|
ZDB-FISH-060608-72|unknown|wound healing|GO:0042060|quality|abnormal|
ZDB-FISH-060608-73|unknown|visual behavior|GO:0007632|quality|abnormal|
ZDB-FISH-060608-74|unknown|wound healing|GO:0042060|quality|abnormal|
ZDB-FISH-060608-75|unknown|brain development|GO:0007420|quality|abnormal|
ZDB-FISH-060608-77|unknown|visual behavior|GO:0007632|quality|abnormal|
ZDB-FISH-060608-78|unknown|wound healing|GO:0042060|quality|abnormal|
ZDB-FISH-060608-79|unknown|visual behavior|GO:0007632|quality|abnormal|
ZDB-FISH-060608-8|unknown|visual behavior|GO:0007632|quality|abnormal|
ZDB-FISH-060608-80|unknown|wound healing|GO:0042060|quality|abnormal|
ZDB-FISH-060608-81|unknown|wound healing|GO:0042060|quality|abnormal|
ZDB-FISH-060608-82|unknown|wound healing|GO:0042060|quality|abnormal|
ZDB-FISH-060608-83|unknown|wound healing|GO:0042060|quality|abnormal|
ZDB-FISH-060608-84|unknown|visual behavior|GO:0007632|quality|abnormal|
ZDB-FISH-060608-85|unknown|visual behavior|GO:0007632|quality|abnormal|
ZDB-FISH-060608-86|unknown|brain development|GO:0007420|quality|abnormal|
ZDB-FISH-060608-87|unknown|immune response|GO:0006955|quality|abnormal|
ZDB-FISH-060608-88|unknown|wound healing|GO:0042060|quality|abnormal|
ZDB-FISH-060608-89|unknown|wound healing|GO:0042060|quality|abnormal|
ZDB-FISH-060608-9|unknown|heart development|GO:0007507|quality|abnormal|
ZDB-FISH-060608-90|unknown|cell migration|GO:0016477|quality|abnormal|
ZDB-FISH-060608-91|unknown|visual behavior|GO:0007632|quality|abnormal|
ZDB-FISH-060608-92|unknown|wound healing|GO:0042060|quality|abnormal|
ZDB-FISH-060608-93|unknown|brain development|GO:0007420|quality|abnormal|
ZDB-FISH-060608-94|unknown|visual behavior|GO:0007632|quality|abnormal|
ZDB-FISH-060608-95|unknown|immune response|GO:0006955|quality|abnormal|
ZDB-FISH-060608-96|unknown|visual behavior|GO:0007632|quality|abnormal|
ZDB-FISH-060608-97|unknown|visual behavior|GO:0007632|quality|abnormal|
ZDB-FISH-060608-98|unknown|visual behavior|GO:0007632|quality|abnormal|
ZDB-FISH-060608-99|unknown|immune response|GO:0006955|quality|abnormal|
